-- ============================================================
-- INSERTS GENERATED FROM APP_CAMPAÑAS.xlsm
-- They follow the CREATE TABLE schema defined in the model
-- ============================================================
-- ============================================================
-- SEED DATA generated from APP_CAMPAÑAS.xlsm
-- ============================================================

-- 1. CAMPAIGN TYPE
INSERT INTO campaign_types (id_type, name) VALUES
  (1, 'Food Collection');

-- 2. CAMPAIGN
INSERT INTO campaigns (id_campaign, name, id_type, start_date, end_date) VALUES
  (1, 'Spring Campaign', 1, '2026-05-09', '2026-05-10');

-- 3. GEOGRAPHIC ZONES
INSERT INTO geographic_zones (id_zone, name) VALUES
  (1, 'Antequera'),
  (2, 'Axarquía'),
  (3, 'Guadalhorce'),
  (4, 'Serranía de Ronda'),
  (5, 'Sierra de las Nieves'),
  (6, 'Costa del Sol Occidental'),
  (7, 'Málaga');

-- 4. LOCALITIES
INSERT INTO localities (id_locality, name, id_zone) VALUES
  (1, 'Alameda', 1),
  (2, 'Alcaucín', 2),
  (3, 'Alfarnate', 2),
  (4, 'Algarrobo', 2),
  (5, 'Alhaurín de la Torre', 3),
  (6, 'Alhaurín el Grande', 3),
  (7, 'Almargen', 4),
  (8, 'Almogía', 3),
  (9, 'Álora', 3),
  (10, 'Alozaina', 5),
  (11, 'Alpandeire', 4),
  (12, 'Antequera', 1),
  (13, 'Archidona', 1),
  (14, 'Ardales', 4),
  (15, 'Arenas', 2),
  (16, 'Arriate', 4),
  (17, 'Arroyo Coche, Almogía', 3),
  (18, 'Atajate', 4),
  (19, 'Benadalid', 4),
  (20, 'Benahavís', 6),
  (21, 'Benalauría', 4),
  (22, 'Benalmádena', 6),
  (23, 'Benaoján', 4),
  (24, 'Benarrabá', 4),
  (25, 'Campillos', 1),
  (26, 'Canillas de Aceituno', 2),
  (27, 'Canillas de Albaida', 2),
  (28, 'Cañete la Real', 4),
  (29, 'Carratraca', 4),
  (30, 'Cartajima', 4),
  (31, 'Cártama Estación', 3),
  (32, 'Cártama Pueblo', 3),
  (33, 'Casabermeja', 1),
  (34, 'Casarabonela', 5),
  (35, 'Casares', 6),
  (36, 'Chilches', 2),
  (37, 'Málaga', 7),
  (38, 'Coín', 3),
  (39, 'Colmenar', 2),
  (40, 'Comares', 2),
  (41, 'Cómpeta', 2),
  (42, 'Cortes de la Frontera', 4),
  (43, 'Cuevas Bajas', 1),
  (44, 'Cuevas de San Marcos', 1),
  (45, 'Cuevas del Becerro', 4),
  (46, 'El Burgo', 5),
  (47, 'Estepona', 6),
  (48, 'Faraján', 4),
  (49, 'Frigiliana', 2),
  (50, 'Fuengirola', 6),
  (51, 'Fuente de Piedra', 1),
  (52, 'Gaucín', 4),
  (53, 'Guaro', 5),
  (54, 'Humilladero', 1),
  (55, 'Igualeja', 4),
  (56, 'Istán', 5),
  (57, 'Jimera de Líbar', 4),
  (58, 'Jubrique', 4),
  (59, 'Júzcar', 4),
  (60, 'La Cala de Mijas', 6),
  (61, 'Manilva', 6),
  (62, 'Marbella', 6),
  (63, 'Marbella - San Pedro de Alcantara', 6),
  (64, 'Mijas', 6),
  (65, 'Mollina', 1),
  (66, 'Monda', 5),
  (67, 'Montecorto', 4),
  (68, 'Montejaque', 4),
  (69, 'Nerja', 2),
  (70, 'Ojén', 5),
  (71, 'Parauta', 4),
  (72, 'Periana', 2),
  (73, 'Pizarra', 3),
  (74, 'Pujerra', 4),
  (75, 'Rincón de la Victoria', 2),
  (76, 'Riogordo', 2),
  (77, 'Ronda', 4),
  (78, 'Sabinillas', 6),
  (79, 'Salares', 2),
  (80, 'Sayalonga', 2),
  (81, 'Sedella', 2),
  (82, 'Serrato', 4),
  (83, 'Sierra de Yeguas', 1),
  (84, 'Teba', 4),
  (85, 'Tolox', 5),
  (86, 'Torre del Mar', 2),
  (87, 'Torremolinos', 6),
  (88, 'Torrox', 2),
  (89, 'Totalán', 2),
  (90, 'Valle de Abdalajís', 1),
  (91, 'Vélez-Málaga', 2),
  (92, 'Vélez-Málaga - Caleta de Vélez', 2),
  (93, 'Villanueva de Algaidas', 1),
  (94, 'Villanueva de la Concepción', 1),
  (95, 'Villanueva del Rosario', 1),
  (96, 'Villanueva del Trabuco', 1),
  (97, 'Viñuela', 2),
  (98, 'Yunquera', 5),
  (99, 'Churriana', 7),
  (100, 'Marbella - San Pedro', 6),
  (101, 'Vva de Algaidas', 1),
  (102, 'Almachar', NULL),
  (103, 'Moclinejo', NULL),
  (104, '#N/A', NULL);

-- 5. DISTRICTS (all belong to Malaga)
INSERT INTO districts (id_district, name, id_locality) VALUES
  (1, 'Centro', 37),
  (2, 'Este', 37),
  (3, 'Ciudad Jardín', 37),
  (4, 'Bailén Miraflores', 37),
  (5, 'Palma-Palmilla', 37),
  (6, 'Cruz de Humilladero', 37),
  (7, 'Carretera de Cádiz', 37),
  (8, 'Churriana', 37),
  (9, 'Campanillas', 37),
  (10, 'Puerto de la Torre', 37),
  (11, 'Teatinos-Universidad', 37);

-- 6. POSTAL CODES
INSERT INTO postal_codes (postal_code, id_locality, id_district) VALUES
  ('29001', 37, NULL),
  ('29002', 37, NULL),
  ('29003', 37, NULL),
  ('29004', 37, NULL),
  ('29005', 37, NULL),
  ('29006', 37, NULL),
  ('29007', 37, NULL),
  ('29008', 37, NULL),
  ('29009', 37, NULL),
  ('29010', 37, NULL),
  ('29011', 37, NULL),
  ('29012', 37, NULL),
  ('29013', 37, NULL),
  ('29014', 37, NULL),
  ('29015', 37, NULL),
  ('29016', 37, NULL),
  ('29017', 37, NULL),
  ('29018', 37, NULL),
  ('29100', 38, NULL),
  ('29108', 53, NULL),
  ('29109', 85, NULL),
  ('29110', 66, NULL),
  ('29120', 6, 6),
  ('29130', 5, 3),
  ('29140', 37, NULL),
  ('29150', 8, 5),
  ('29160', 33, NULL),
  ('29170', 39, NULL),
  ('29180', 76, NULL),
  ('29190', 37, NULL),
  ('29193', 37, NULL),
  ('29194', 3, 1),
  ('29195', 40, NULL),
  ('29196', 37, NULL),
  ('29197', 89, NULL),
  ('29200', 12, NULL),
  ('29210', 44, NULL),
  ('29220', 43, NULL),
  ('29230', 94, NULL),
  ('29239', 17, NULL),
  ('29240', 90, NULL),
  ('29250', 12, NULL),
  ('29260', 12, NULL),
  ('29300', 13, NULL),
  ('29310', 93, NULL),
  ('29311', 93, NULL),
  ('29312', 95, NULL),
  ('29313', 96, NULL),
  ('29314', 13, NULL),
  ('29315', 13, NULL),
  ('29320', 25, NULL),
  ('29327', 84, NULL),
  ('29328', 83, NULL),
  ('29329', 83, NULL),
  ('29330', 7, 2),
  ('29340', 28, NULL),
  ('29350', 16, NULL),
  ('29360', 68, NULL),
  ('29370', 23, NULL),
  ('29380', 42, NULL),
  ('29391', 42, NULL),
  ('29392', 57, NULL),
  ('29393', 67, NULL),
  ('29394', 77, NULL),
  ('29400', 77, NULL),
  ('29410', 98, NULL),
  ('29420', 46, NULL),
  ('29430', 67, NULL),
  ('29440', 55, NULL),
  ('29450', 74, NULL),
  ('29451', 71, NULL),
  ('29452', 30, NULL),
  ('29460', 11, NULL),
  ('29461', 48, NULL),
  ('29462', 59, NULL),
  ('29470', 45, NULL),
  ('29471', 82, NULL),
  ('29480', 52, NULL),
  ('29490', 24, NULL),
  ('29491', 21, NULL),
  ('29492', 58, NULL),
  ('29493', 19, NULL),
  ('29494', 18, NULL),
  ('29500', 9, 10),
  ('29510', 9, 11),
  ('29520', 51, NULL),
  ('29530', 1, 4),
  ('29531', 54, NULL),
  ('29532', 65, NULL),
  ('29533', 54, NULL),
  ('29540', 12, NULL),
  ('29550', 14, NULL),
  ('29551', 29, NULL),
  ('29552', 9, NULL),
  ('29560', 73, NULL),
  ('29566', 34, NULL),
  ('29567', 10, NULL),
  ('29569', 73, NULL),
  ('29570', 32, NULL),
  ('29580', 31, NULL),
  ('29590', 37, NULL),
  ('29591', 37, NULL),
  ('29593', 9, NULL),
  ('29600', 62, NULL),
  ('29601', 62, NULL),
  ('29602', 62, NULL),
  ('29603', 62, NULL),
  ('29604', 62, NULL),
  ('29610', 70, NULL),
  ('29611', 56, NULL),
  ('29612', 70, NULL),
  ('29620', 87, NULL),
  ('29630', 22, NULL),
  ('29631', 22, NULL),
  ('29632', 22, NULL),
  ('29633', 22, NULL),
  ('29634', 22, NULL),
  ('29635', 22, NULL),
  ('29639', 22, NULL),
  ('29640', 50, NULL),
  ('29649', 60, NULL),
  ('29650', 64, NULL),
  ('29651', 64, NULL),
  ('29660', 62, NULL),
  ('29670', 63, NULL),
  ('29678', 20, NULL),
  ('29679', 20, NULL),
  ('29680', 47, NULL),
  ('29688', 47, NULL),
  ('29689', 47, NULL),
  ('29690', 35, NULL),
  ('29691', 61, NULL),
  ('29692', 78, NULL),
  ('29693', 47, NULL),
  ('29700', 91, NULL),
  ('29710', 72, NULL),
  ('29711', 2, 9),
  ('29712', 97, NULL),
  ('29713', 2, 7),
  ('29714', 79, NULL),
  ('29715', 81, NULL),
  ('29716', 26, NULL),
  ('29718', 91, NULL),
  ('29719', 91, NULL),
  ('29720', 75, NULL),
  ('29730', 75, NULL),
  ('29738', 75, NULL),
  ('29740', 86, NULL),
  ('29749', 91, NULL),
  ('29750', 4, 8),
  ('29751', 92, NULL),
  ('29752', 80, NULL),
  ('29753', 15, NULL),
  ('29754', 41, NULL),
  ('29755', 27, NULL),
  ('29760', 91, NULL),
  ('29770', 88, NULL),
  ('29780', 69, NULL),
  ('29787', 69, NULL),
  ('29788', 49, NULL),
  ('29789', 49, NULL),
  ('29790', 36, NULL),
  ('29791', 91, NULL),
  ('29792', 91, NULL),
  ('29793', 88, NULL);

-- 7. CHAINS
INSERT INTO chains (id_chain, name, code) VALUES
  (1, 'CARREFOUR', 'CARREFOUR'),
  (2, 'DIA', 'DIA'),
  (3, 'EL CORTE INGLES', 'ECI'),
  (4, 'EL JAMON', 'EL_JAM'),
  (5, 'EROSKI', 'EROSKI'),
  (6, 'LIDL', 'LIDL'),
  (7, 'MAKRO', 'MAKRO'),
  (8, 'MAS', 'MAS'),
  (9, 'MERCADONA', 'MERCADONA'),
  (10, 'SUMA', 'SUMA'),
  (11, 'ALCAMPO', 'ALCAMPO');

-- 8. USERS (coordinator)
-- Default password: 'changeme' (simulated hash)
INSERT INTO user_accounts (id_user, name, email, phone, password) VALUES
  (1, 'Arantxa', 'bancosolseguimiento@gmail.com', '652032496', 'changeme'),
  (2, 'Cristóbal Aragón', 'aragoncristobal@hotmail.com', '639784306', 'changeme'),
  (3, 'Diego Vazquez', 'dvazquez.ronda59@gmail.com', '617967834', 'changeme'),
  (5, 'Fran Jimenez', 'franjimenez@bancosol.info', '647202611', 'changeme'),
  (6, 'José M Cobos', 'j-m-cobos@hotmail.com', '639789171', 'changeme'),
  (7, 'Manuel Ladoux Arroyo', 'mladoux@bancosol.info', NULL, 'changeme'),
  (8, 'Mari Carmen Chamizo', 'mchamizo@bancosol.info', '671562051', 'changeme'),
  (9, 'Mari Luz Pérez', 'mariluzperez@bancosol.info', NULL, 'changeme'),
  (10, 'María Victoria Ruiz', 'mariavictoriaruizjimenez@gmail.com', '656379575', 'changeme'),
  (11, 'Coord Torremolinos', 'coordtorremolinos@bancosol.info', NULL, 'changeme'),
  (12, 'Vicente Morato', 'vimor@yahoo.es', '627818795', 'changeme'),
  (13, 'Zona Marbella', 'zonamarbella@bancosol.info', NULL, 'changeme');

-- 9. COORDINATORS (assigned to campaign 1)
INSERT INTO coordinators (id_user, id_campaign) VALUES
  (1, 1),
  (2, 1),
  (3, 1),
  (5, 1),
  (6, 1),
  (7, 1),
  (8, 1),
  (9, 1),
  (10, 1),
  (11, 1),
  (12, 1),
  (13, 1);

-- 10. STORES
INSERT INTO stores (id_store, name, address, postal_code, id_chain) VALUES
  (1, 'ECHEVERRIA', 'Avda Pio Baroja, 6', '29017', 1),
  (2, 'CANDADO', 'Avda Principal del Candado, 2', '29018', 1),
  (3, 'ATARAZANA', 'c/  Atarazanas, s/n', '29005', 1),
  (4, 'CERVANTES', 'c/ Cervantes, 5', '29016', 1),
  (5, 'MALAGUETA', 'c/ Reding, 10', '29016', 1),
  (6, 'GAMARRA', 'c/ Tomás Escalonilla', '29010', 1),
  (7, 'CRTA.ALMERIA', 'Ctra Almería, 19-21', '29018', 1),
  (8, 'TAMAYO Y BAUS', 'Pasaje Tamayo y Baus, 2', '29010', 1),
  (9, 'CARREFOUR ROSALEDA', 'CC LA ROSALEDA C/: Simón Bolívar, s/n', '29011', 1),
  (10, 'CARREFOUR ALAMEDA', 'Prolongación Avda Andalucía s/n', '29007', 1),
  (11, 'PEDREGALEJO', 'Avda Juan Sebastian Elcano 30', '29017', 1),
  (12, 'GORDON', 'c/ Gordón, Prolongación 13', '29013', 1),
  (13, 'SUPECO MALAGA RAFA', 'c/ Rafaela, 11', '29009', 1),
  (14, 'DIA', 'Avda Málaga Oloroso 30', '29014', 2),
  (15, 'DIA', 'c/ Albéniz 38', '29014', 2),
  (16, 'DIA', 'c/ Alcalde Joaquim Quiles, 19', '29014', 2),
  (17, 'DIA', 'c/ Alozaina, 4', '29006', 2),
  (18, 'DIA', 'c/ Antigona 4', '29010', 2),
  (19, 'DIA', 'c/ Carreterias, 94', '29008', 2),
  (20, 'DIA', 'c/ Cómpeta, 8', '29007', 2),
  (21, 'DIA', 'c/ Corregidor Francisco de Luján, 9', '29006', 2),
  (22, 'DIA', 'c/ Enrique de Egas, 5', '29010', 2),
  (23, 'DIA', 'c/ Juan de Austria, 32', '29009', 2),
  (24, 'DIA', 'c/ Macabeos, 5', '29012', 2),
  (25, 'DIA', 'c/ Magistrado Salvador Barbera, 7', '29010', 2),
  (26, 'DIA', 'c/ Marmoles, 27', '29007', 2),
  (27, 'DIA', 'c/ Miguel Moya, 14', '29017', 2),
  (28, 'DIA', 'c/ Niño de Gloria, 10', '29003', 2),
  (29, 'DIA', 'c/ Nuestra Señora Del Tiscar 8', '29010', 2),
  (30, 'DIA LA PLAZA', 'Alameda de Capuchinos, 14', '29014', 2),
  (31, 'DIA LA PLAZA', 'Avda Lope de Vega, 8', '29190', 2),
  (32, 'DIA LA PLAZA', 'c/ Alcalde Jose Luis Estrada Segalerva, 3', '29010', 2),
  (33, 'DIA LA PLAZA', 'c/ Arturo Reyes, 1', '29011', 2),
  (34, 'DIA LA PLAZA', 'c/ Navarro Ledesma, s/n', '29010', 2),
  (35, 'DIAMARKET', 'c/ Cristo de la Epidemia, 47', '29013', 2),
  (36, 'DIAMAXI', 'Camino de los Almendrales, s/n', '29013', 2),
  (37, 'EL CORTE INGLÉS C.C. MÁLAGA', 'Avda Andalucía, 4y6', '29007', 3),
  (38, 'EL CORTE INGLES C.C. BAHIA MALAGA', 'c/ Hamlet, 2', '29006', 3),
  (39, 'SP MAYORAZGO', 'Avda. de las Caballerizas c/v c/ de los Zahones, 29016', '29016', 3),
  (40, 'SP OP CARLOS HAYA', 'Avda Carlos Haya 77', '29007', 3),
  (41, 'EL JAMON', 'Paseo Cerrado de Calderón, 14', '29018', 4),
  (42, 'EROSKI', 'CC Larios Avd.de la Aurora s/n', '29002', 5),
  (43, 'Málaga Alameda', 'Avda José Ortega y Gasset, 224', '29006', 6),
  (44, 'Málaga Olletas', 'Avda Pascueros, 3', '29014', 6),
  (45, 'Málaga El Cónsul', 'c/ Navarro Ledesma, s/n', '29010', 6),
  (46, 'Málaga San Rafael', 'Camino San Rafael, 63', '29006', 6),
  (47, 'MAKRO', 'Avda Velázquez, 288', '29004', 7),
  (48, 'ALAMEDA COLON', 'c/ Alameda Colón, 12', '29001', 8),
  (49, 'EMILIO THUILLER', 'c/ Emilio Thuiller 112-114', '29014', 8),
  (50, 'TEATINOS', 'Avda Jorge Luis Borges, 11 Edif. Don Juan', '29010', 8),
  (51, 'CAMINO SUAREZ', 'c/ Camino Suárez 31', '29010', 8),
  (52, 'JOAQUIN GAZTAMBIDE-VIRREINA', 'c/ Joaquín Gaztambide s/n', '29011', 8),
  (53, 'PLAZA TEATRO', 'Plaza del Teatro, 1', '29008', 8),
  (54, 'VICTORIA', 'Plaza Victoria, 1', '29012', 8),
  (55, 'El Atabal', 'c/ Nuzas, 30 - El Atabal', '29010', 8),
  (56, 'El Ejido', 'c/ San Millán 13', '29013', 8),
  (57, 'Parque del Sur', 'AV. VIRGEN DE LAS GUIAS, 48', '29014', 8),
  (58, 'Arroyo Angeles', 'c/ Carraca 1', '29011', 8),
  (59, 'Portada Alta', 'c/ Cómpeta, 12, Cruz de Humilladero', '29007', 8),
  (60, 'Cristo Epidemia', 'c/ Cristo de la Epidemia, 96', '29013', 8),
  (61, 'Centro', 'c/ Gómez Pallete, 2-Mercado de la Merced', '29012', 8),
  (62, 'Cruz Humilladero', 'c/ Horacio Lengo, 12', '29006', 8),
  (63, 'MASKOM', 'c/ José Calderón, 216', '29590', 8),
  (64, 'Miraflores', 'C/ JUAN ANTONIO TERCERO, 5', '29010', 8),
  (65, 'Centro', 'c/ La Unión 71', '29006', 8),
  (66, 'Puerto de la Torre', 'c/ Lope de Rueda, 61, Puerto de la Torre', '29190', 8),
  (67, 'Molinillo', 'c/ San Bartolomé, 7-Esq.c/Duque de Rivas', '29013', 8),
  (68, 'Eugenio Gross', 'Plaza Basconia 1', '29010', 8),
  (69, 'El Cañaveral', 'Avda Arquitecto Luis Bono, 17, Puerto de la Torre', '29190', 9),
  (70, 'MARTIRICOS', 'Avda del Dr. Marañón, 8, Palma-Palmilla', '29009', 9),
  (71, 'Avda. de Europa', 'Avda Europa, S/N', '29003', 9),
  (72, 'c/ Vellanueva de Tapia', 'Avda Imperio Argentina, 1, Cra de Cádiz', '29004', 9),
  (73, 'Ortega y Gasset', 'Avda José Ortega y Gasset, s/n, Cruz de Humilladero', '29006', 9),
  (74, 'El Palo', 'Avda Juan Sebastian Elcano, 147', '29016', 9),
  (75, 'Avda. Santa Rosa de Lima', 'Avda Santa Rosa de Lima, 20', '29007', 9),
  (76, 'Ctra. de Cádiz', 'Avda Velazquez, 43', '29002', 9),
  (77, 'Teatinos', 'Bulevar Louis Pasteur, 15', '29010', 9),
  (78, 'Centro Olletas', 'c/ Albeniz, 35 - c/ Bocana', '29014', 9),
  (79, 'Plaza Mayor', 'c/ Alfonso Ponde de León, 2', '29004', 9),
  (80, 'Calle Algarrobo', 'c/ Algarrobo, C. Potosí', '29018', 9),
  (81, 'Huelín', 'c/ Eduardo Marquina, 10', '29002', 9),
  (82, 'Emilio Thuiller', 'c/ Emilio Thuiller, 2', '29014', 9),
  (83, 'C.C. Vialia', 'c/ Explanada de la Estación, 1', '29002', 9),
  (84, 'Gutemberg', 'c/ Gutemberg, 1', '29014', 9),
  (85, 'Cerrado de Calderón', 'c/ Olmos, 43', '29018', 9),
  (86, 'Parque Azalea (Consul)', 'c/ Píndaro, c/ Aristófanes, s/n', '29010', 9),
  (87, 'Hacienda Segovia', 'c/ Sarajevo-Finca Hacienda Segovia-Campanillas', '29590', 9),
  (88, 'Camino de Suárez', 'Camino de Suarez, 22', '29011', 9),
  (89, 'Camino Casabermeja', 'Camino Viejo Casabermeja, 64', '29011', 9),
  (90, 'SUMA MÁLAGA', 'c/ Corregidor Francisco de Molina, 4', '29006', 10),
  (91, 'MANILVA', 'Avda Manilva, 1', '29692', 1),
  (92, 'EL JAMON', 'Ctra Sabinillas - Manilva Km. 0,2', '29692', 4),
  (93, 'Sabinillas', 'c/ Bolivia, 18, San Luis de Sabinillas', '29692', 9),
  (94, 'ARROYO MIEL', 'Avda AGUAMARINA', '29639', 1),
  (95, 'BENALMADENA', 'Avda Antonio Machado 20', '29631', 1),
  (96, 'TIVOLI', 'Avda Obispo Herrera Oria Esquina Avda Estación', '29630', 1),
  (97, 'HIPERARROYO', 'Avda Salvador Vicente 3', '29630', 1),
  (98, 'RESERVA D.HIGUERON', 'CC El Higuerón,C.Comar Mijas', '29630', 1),
  (99, 'DIAMAXI', 'c/ Cortijo de Mena-parcela 3', '29630', 2),
  (100, 'SP/OP PUERTO MARINA', 'Puerto Marina Shopping', '29639', 3),
  (101, 'SP TORREQUEBRADA', 'Urb Torrequebrada - parcela C 4 centro', '29630', 3),
  (102, 'EL JAMON', 'Avda Inmaculada Concepción', '29630', 4),
  (103, 'Benalmádena', 'Avda del Cosmos, 2', '29630', 6),
  (104, 'Benalmádena Torrequebrada', 'c/ Europa, 2', '29630', 6),
  (105, 'BENALMÁDENA', 'c/ San Silvestre s/n', '29630', 8),
  (106, 'MASKOM', 'Avda Juan Peralta, 49', '29630', 8),
  (107, 'MASKOM', 'C/ SIDRA, 21-27', '29630', 8),
  (108, 'Veracruz', 'Avda Arroyo Hondo, 29 (Urb Veracruz)', '29630', 9),
  (109, 'Benalmadena Costa', 'Avda de las Palmeras,33', '29630', 9),
  (110, 'Nueva Torrequebrada', 'Avda Estrella del Mar 21', '29630', 9),
  (111, 'Arroyo De La Miel', 'c/ Federico García Lorca, 3', '29630', 9),
  (112, 'Salvador Vicente Maravillas', 'c/ Paloma, 1-Avda Salvador Vicente Maravillas', '29630', 9),
  (113, 'DIA', 'Avda Andalucia, 35', '29750', 2),
  (114, 'Algarrobo', 'Ctra MA-103 Avda Las Pancha, 50', '29750', 6),
  (115, 'Algarrobo Costa', 'Ctra A-7206, Sector AU-L.9 (C/ Balate)', '29750', 9),
  (116, 'Chilches', 'c/ Jacaranda, s/n', '29790', 9),
  (117, 'SUPECO MALAGA', 'c/ Heroe de Sostoa nº 188 esq. Avenida de la Paloma nº 36', '29003', 1),
  (118, 'NERJA', 'c/ Antonio Ferrandis Chanquete, s/n', '29780', 1),
  (119, 'CAPISTRANO', 'CN-340 Málaga-Almería PK 292-Urb ElCapistrano', '29780', 1),
  (120, 'Nerja', 'Avda Alcalde Antonio Villasclaras Rosas, 3', '29780', 6),
  (121, 'NERJA', 'c/ Antonio Ferrándiz (Chanquete)', '29780', 8),
  (122, 'C/ San Miguel', 'c/ San Miguel - Pasaje San Miguel', '29780', 9),
  (123, 'Urb. Sierra Mar', 'CN-340-C/ Sierra Mar-C/ Cartama', '29780', 9),
  (124, 'RINCON VICTORIA', 'c/ Ronda, s/n', '29730', 1),
  (125, 'CARREFOUR RINCON DE LA VICTORIA', 'c/ Arroyo de Totalan, nº 36 - CC LA VICTORIA', '29730', 1),
  (126, 'LA CALA', 'Plaza Don Antonio Estrada, s/n - La Cala del Moral', '29730', 1),
  (127, 'RINCON', 'Ctra de Benagalbon, s/n', '29730', 1),
  (128, 'DIA', 'c/ Poeta Manuel alcántara, 1', '29730', 2),
  (129, 'DIAMAXI', 'Ctra Benagalbón, s/n', '29730', 2),
  (130, 'Rincón de la Victoria', 'c/ Verdial, 41', '29730', 6),
  (131, 'Urbanización Los Olivos', 'Avda Mediterráneo - Urb Los Olivos', '29730', 9),
  (132, 'Cotomar', 'c/ Pepa Flores González-Torre Benagalbón', '29730', 9),
  (133, 'Torre De Benagalbón', 'Plaza Costa del Sol s/n - Urb Cotomar', '29730', 9),
  (134, 'DOCTOR FLEMING', 'c/ Dr. Fleming, 26', '29740', 1),
  (135, 'PRINCESA', 'c/ Princesa, 6, Edif. Boulevard', '29740', 1),
  (136, 'F. LA BATERIA', 'Ctra Malaga-Almeria, Finca La Bateria Nº53', '29740', 1),
  (137, 'DIA LA PLAZA', 'c/ del Rio Esq.Antonio Machado', '29740', 2),
  (138, 'DIAMARKET', 'c/ Doctor Fleming, 77', '29740', 2),
  (139, 'EROSKI', 'CC El Ingenio Avda Juan  Carlos I s/n', '29740', 5),
  (140, 'Torre del Mar', 'C/ PINTOR CIPRIANO MALDONADO, 17', '29740', 8),
  (141, 'Torre Del Mar', 'c/ Mar Tirreno, s/n', '29740', 9),
  (142, 'El Tomillar', 'Ctra Torre del Mar-Velez  Málaga, PK 0,4-Ruta Los Galves s/n - 
Ruta Los Carboneros s/n', '29740', 9),
  (143, 'DIA LA PLAZA', 'Urb Charca-C/Urano s/n', '29793', 2),
  (144, 'EL JAMON', 'Ctra Málaga-Almería PK 283 Avda de Andalucía, 56', '29793', 4),
  (145, 'Torrox', 'Ctra Torrox Pueblo, s/n', '29793', 6),
  (146, 'Torrox Costa', 'CN-340- Avda Andalucía-Urbanización Paraiso Sol, 92', '29793', 9),
  (147, 'VELEZ CAMINO VIEJO', 'c/  Camino Viejo de Málaga', '29700', 1),
  (148, 'DIAMAXI', 'Avda Juan Carlos I, s/n', '29700', 2),
  (149, 'DIAMAXI', 'Avda Molino de Velasco, 12', '29700', 2),
  (150, 'Vélez', 'Avda Juan Carlos I, 14', '29700', 6),
  (151, 'Centro', 'C/CAMINO VIEJO DE MALAGA', '29700', 8),
  (152, 'C/ Alcalde Juan Barranquero', 'c/ Alcalde Juan Barranquero, 1 - c/ Del Río, 38', '29700', 9),
  (153, 'Camino Viejo de Málaga', 'Camino de Malaga, 33-37 -C/ Arroyo Hondo, 21-23- C/ del Cristo, 36.', '29700', 9),
  (154, 'ALHA. DE LA TORRE', 'Avda Reyes Católicos, Esq. Juan Carlos I', '29130', 1),
  (155, 'CAPELANIA', 'Urb La Capellanía, Manzana 9', '29130', 1),
  (156, 'DIAMAXI', 'c/ Hacienda San Francisco 28', '29130', 2),
  (157, 'Alhaurín de la Torre', 'Avda Ceuta s/n-Rotonda El Encuentro', '29130', 6),
  (158, 'Cortijo Del Sol', 'Avda de los Cortijos s/n', '29130', 9),
  (159, 'AVDA. DE LAS AMÉRICAS', 'C/ DE LOS REGISTRADORES, S/N', '29120', 9),
  (160, 'Alhaurín El Grande', 'Crta. Cartama, s/n - Huerta de los Patos, s/n', '29120', 9),
  (161, 'SUMA ALHAURIN', 'c/ Gerald Brenan, 72', '29120', 10),
  (162, 'SUMA EL GRANDE', 'c/ Virgen del Rosario, 1', '29120', 10),
  (163, 'Álora', 'c/ Albahaca, s/n', '29500', 9),
  (164, 'DIA FRANQUICIA', 'PIaza La Pasadilla-Nave 1', '29567', 2),
  (165, 'DIA FRANQUICIA', 'c/ San Benito, s/n-Prolongación', '29320', 2),
  (166, 'MASCERKA', 'Avda Sta María del Reposo 17', '29320', 8),
  (167, 'Campillos', 'Avda Constitución - C/ Gerardo Fernández Delgado - C/ Tirso de Molina', '29320', 9),
  (168, 'Cártama', 'Ctra MA-421, PI El Cerro de Cártama', '29570', 6),
  (169, 'Cartama Estación', 'c/ Alemania s/n - c/ Grecia s/n', '29580', 9),
  (170, 'MASKOM', 'c/ Gonzalez Marín 126
Cártama Pueblo', '29570', 8),
  (171, 'EL JAMON', 'Ctra de Coin, 75', '29140', 4),
  (172, 'Churriana', 'Ctra Coín 47. P.I. El Alamo', '29140', 6),
  (173, 'Churriana', 'Avda San Javier, 3', '29140', 8),
  (174, 'Churriana (Ctra.Alora)', 'c/ Escritora Carmen Bravo Villasante, 15', '29140', 8),
  (175, 'Churriana (Ctra.Coín)', 'CARRETERA DE COIN, 77', '29140', 8),
  (176, 'Las Espeñuelas', 'c/ Doctor Ramos Acosta, 104', '29140', 9),
  (177, 'CARREFOUR VALLE DEL GUADALHORCE', 'Ctra Coín-Cártama PK 1', '29100', 1),
  (178, 'DIA LA PLAZA', 'c/ Santa Teresa s/n', '29100', 2),
  (179, 'DIAMAXI', 'Avda Reina Sofía, s/n', '29100', 2),
  (180, 'Coín', 'Avda Reina Sofía, 50', '29100', 6),
  (181, 'MASKOM', 'c/ Doctor Marañón s/n', '29100', 8),
  (182, 'Avda. Reina Sofía', 'Avda Reina Sofía, s/n', '29100', 9),
  (183, 'CARLOS HAYA', 'Avda Carlos Haya, 60', '29007', 1),
  (184, 'MALDONADO', 'c/ Martinez Maldonado, 68', '29007', 1),
  (185, 'DIA LA PLAZA', 'Avda Moliere, 18', '29004', 2),
  (186, 'DIA LA PLAZA', 'c/ Martinez Maldonado, 53', '29007', 2),
  (187, 'Málaga Centro', 'c/ Armengual de la Mota, 20', '29007', 6),
  (188, 'MARTINEZ MALDONADO', 'c/ Martínez Maldonado, 71', '29007', 8),
  (189, 'Carranque', 'c/ Pedro Gómez Chaix, 5, Cruz de Humilladero', '29007', 8),
  (190, 'Mármoles', 'c/ Martinez Maldonado, 6', '29007', 9),
  (191, 'PIZARRA', 'Plaza de la Estación, 1', '29560', 8),
  (192, 'Centro', 'c/ Ingen. Pablo Esteban, 39-43', '29560', 8),
  (193, 'HIPERDINO RONDA', 'PI El Fuerte, C/ Genal', '29400', 1),
  (194, 'DIAMARKET', 'c/ Cruz Verde 16', '29400', 2),
  (195, 'DIAMAXI', 'Avda de la Serranía, s/n', '29400', 2),
  (196, 'DIAMAXI', 'c/ Guadalhorce  S/N', '29400', 2),
  (197, 'Ronda', 'c/ Andrés Aguilar Gracián, s/n', '29400', 6),
  (198, 'Centro', 'c/ Molinos, 36', '29400', 8),
  (199, 'Centro', 'c/ Tabares 8', '29400', 8),
  (200, 'Jardines De San Rafael', 'c/ Buleria s/n - c/ Andres Aguilar Gracian', '29400', 9),
  (201, 'Calle Guadalquivir', 'c/ Guadalquivir s/n', '29400', 9),
  (202, 'CARREFOUR FUENGIROLA', 'Parque Miramar. Av. Encarnación S/N', '29640', 1),
  (203, 'DIA', 'c/ Huelva, 1 esq. Camino Coin, 18', '29640', 2),
  (204, 'DIA', 'c/ Uruguay esq. Brasil, s/n', '29640', 2),
  (205, 'DIA', 'Ps Jesus Santos Rein esq. Maestra Angeles Azpiazu', '29640', 2),
  (206, 'DIA LA PLAZA', 'Avda Acapulco, 9', '29640', 2),
  (207, 'SP FUENGIROLA', 'Avda N2 Padre Jesus Cautivo, 33 (Jesus Santos Rein n933)', '29640', 3),
  (208, 'EL JAMON', 'Avda de los Boliches,94-96', '29640', 4),
  (209, 'EL JAMON', 'c/ Doctor Gálvez Ginachero, esq. c/ Asturias', '29640', 4),
  (210, 'EL JAMON', 'c/ Gimena, esq. Pasaje del Sol (parte peatonal)', '29640', 4),
  (211, 'EL JAMON', 'c/ Nuñez de Balboa, esq. c/Goya', '29640', 4),
  (212, 'EL JAMON', 'c/ Romería del Rocío, esq. c/Fiesta de la Crema,', '29640', 4),
  (213, 'EL JAMON', 'c/ Uruguay, esq. c/Ricardo León', '29640', 4),
  (214, 'EL JAMON', 'Camino de la Cantera, Los Pacos', '29640', 4),
  (215, 'EL JAMON', 'Camino de Santiago, esq. C/Rioja', '29640', 4),
  (216, 'Fuengirola', 'c/ Calerita', '29640', 6),
  (217, 'FUENGIROLA', 'Crta MIJAS, 28', '29640', 8),
  (218, 'MASKOM', 'AV. CONDES SAN ISIDRO S/N', '29640', 8),
  (219, 'MASKOM', 'Avda Santa Amalia, s/n', '29640', 8),
  (220, 'MASKOM', 'C/ PALANGREROS, 5', '29640', 8),
  (221, 'BARRIO LOS BOLICHES', 'Avda Ramón y Cajal, s/n (Los Boliches)', '29640', 9),
  (222, 'C/ Córdoba', 'c/ Córdoba, 35', '29640', 9),
  (223, 'C/ FRANCISCO RIVERA', 'c/ Francisco Rivera Paquirri, 21', '29640', 9),
  (224, 'El Boquetillo', 'c/ Mahón, s/n', '29640', 9),
  (225, 'CARREFOUR LA CALA DE MIJAS', 'Avda MARENOSTRUM S/N LA CALA DE MIJAS', '29649', 1),
  (226, 'C.C. LOS OLIVOS', 'c/ Adarves.CC los Olivos', '29649', 1),
  (227, 'CALA MIJAS', 'c/ Nuevo Boulevard', '29649', 1),
  (228, 'SP/OP MIJAS COSTA', 'N-340 De Cadiz km. 198,1 "Riviera del Sol"', '29649', 3),
  (229, 'EL JAMON', 'c/ Río Aguas, esq. c/Río Padrón', '29640', 4),
  (230, 'EL JAMON', 'CC El Zoco Ctra De Cádiz Km. 198', '29649', 4),
  (231, 'Mijas-Sito Calahonda', 'c/ Juan de la Cierva', '29649', 6),
  (232, 'Mijas La Cala', 'c/ Mar Cantábrico', '29649', 6),
  (233, 'Mijas Las Lagunas', 'PI Molino de Viento Avda Carmen Sáez Tejada nº1', '29649', 6),
  (234, 'CALAHONDA', 'C/ Romeral de Calypso,1', '29649', 8),
  (235, 'Calahonda', 'c/ Mérida de Jarales, N° 4', '29649', 9),
  (236, 'CARREFOUR MIJAS', 'Avda de los Lirios s/n', '29651', 1),
  (237, 'DIA', 'Avda Mejico, 25', '29650', 2),
  (238, 'DIA', 'c/ Dr.Garcia Games S/N - esq. San Bernardo', '29650', 2),
  (239, 'DIA LA PLAZA', 'c/ Del Albero, Esquina Con Avd Dinamarca 1', '29651', 2),
  (240, 'EL CORTE INGLES C.C. COSTA MIJAS', 'c/ Sta. Laura', '29651', 3),
  (241, 'MIJAS COSTA', 'Avda. del Golf, 25', '29650', 8),
  (242, 'AVDA. DE MIJAS', 'Avda DE MIJAS, Cl SAN DIONISIO N° 1', '29651', 9),
  (243, 'CAMINO VIEJO DE COIN', 'UER. 2,3,4 CAMINO VIEJO DE COIN', '29651', 9),
  (244, 'La Cala De Mijas', 'Urb EL LIMONAR S/N LA CALA DE MIJAS', '29651', 9),
  (245, 'SP/OP MONTEALCHONES', 'Ctra A-397 Ronda - Malaga  Km45 UrbMontehalcones s/n', '29679', 3),
  (246, 'BENAHAVIS', 'c/ Picos Alcazaba, S/n (Urb La Alquería), Benahavís', '29679', 9),
  (247, 'ALCAMPO', 'Ctra DE OJEN S/N PARQUE CC LA CAÑADA', '29603', 11),
  (248, 'MARBELLA', 'Avda General López Dominguez, 19', '29600', 1),
  (249, 'ELVIRIA', 'c/ LG CC Elviria, s/n', '29600', 1),
  (250, 'GUADALMINA', 'c/ LG CC Guadalmina', '29600', 1),
  (251, 'VALENTUÑANA', 'c/ Valentuñana, Nº 3 (Edif. Marbeland)', '29601', 1),
  (252, 'EL CASCO', 'Ctra N-340 Cádiz, Km. 188 El Casco', '29600', 1),
  (253, 'HIPERMARBELLA', 'Ctra N-340 Cadiz-Malaga, Km.179 (F.Aresbank)', '29600', 1),
  (254, 'DIA', 'Avda Andalucia, s/n -Camping Marbella Playa', '29604', 2),
  (255, 'DIA', 'Avda Canovas Del Castillo S/N', '29601', 2),
  (256, 'DIA', 'Avda El Trapiche, 27', '29601', 2),
  (257, 'DIA LA PLAZA', 'c/ Rodrigo de Triana, 2', '29600', 2),
  (258, 'DIA LA PLAZA', 'c/ San Antonio, s/n', '29600', 2),
  (259, 'EL CORTE INGLES C.C. EL CAPRICHO', 'Avda Bulevar Principe Alfonso de Hohenlohe', '29602', 3),
  (260, 'EL CORTE INGLES C.C. MARBELLA', 'c/ Ramon Areces, s/n', '29660', 3),
  (261, 'SP/OP PLAYAS DEL DUQUE', 'Avda Playa del Duque c/v Avd. Jose BanUs', '29660', 3),
  (262, 'SP/OP MARBELLA', 'Avda Ramon y Cajal. Conj.Urb Marbella Center', '29601', 3),
  (263, 'SP/OP NUEVA ANDALUCIA', 'c/ 2B C.Comercial Odeon,local 2 al 8. Nueva Andalucia', '29660', 3),
  (264, 'SP/OP PINOGOLF', 'c/ Coto de los Dolores, s/n UrbPinogolf, Elviria', '29600', 3),
  (265, 'SP OP ALOHA', 'CC "Aloha", C/ Via 1, Urb Nueva Andalucia', '29660', 3),
  (266, 'SP/OP ANDASOL', 'CC Andasol km 187 Nac.340', '29600', 3),
  (267, 'SP PLAZA DEL MAR', 'CC Plaza del Mar - c/ Camila Jose Cela, s/n', '29600', 3),
  (268, 'SP OP LAS CHAPAS', 'c/ Hacienda Las Chapas, s/n', '29600', 3),
  (269, 'Marbella', 'Bulevar Príncipe Alfonso Von Hohenlohe s/n', '29600', 6),
  (270, 'Marbella-Elviría', 'c/ La Hacienda', '29604', 6),
  (271, 'Avda de las Albarizas', 'Avda de las Albarizas (Urb, Las Terrazas)', '29601', 9),
  (272, 'RICARDO SORIANO', 'Avda Ricardo soriano, 70 (Edif. Golden)', '29601', 9),
  (273, 'Nueva Andalucía', 'c/ CALIFA, 1', '29660', 9),
  (274, 'XARBLANCA', 'c/ Francisca Carrillo, 3 (Urb XARBLANCA)', '29602', 9),
  (275, 'Elviria', 'c/ San Manuel, s/n', '29604', 9),
  (276, 'Ctra de Ojen', 'c/ Serenata', '29600', 9),
  (277, 'Los Naranjos', 'Urb Los Naranjos de Marbella', '29660', 9),
  (278, 'MK GUADALCANTARA', 'Avda Virgen del Rocío - Urb s/n', '29670', 1),
  (279, 'S.PEDRO ALCANTARA', 'Plaza Juan Macías', '29670', 1),
  (280, 'SAN PEDRO', 'Urb Cortijo Blanco, Parcela A1', '29670', 1),
  (281, 'SUPECO MARBELLA', 'c/ Sta. Maria Esquina Fuente Nueva', '29670', 1),
  (282, 'DIA', 'CC La Colonia N-340', '29670', 2),
  (283, 'DIA', 'Ctra Comarcal 3, Manzana 3 (San Pedro de Alcantara)', '29670', 2),
  (284, 'SP/OP PUERTA MARBELLA', 'Urb Rio Verde CC.Puerta de Bandas Locales 1,2,5 y 6', '29670', 3),
  (285, 'S.Pedro Alcantara', 'c/ Lagasca, 56', '29670', 8),
  (286, 'S.Pedro Alcantara', 'C/ GÓMEZ DE LA SERNA, 2', '29670', 8),
  (287, 'SAN PEDRO ALCÁNTARA', 'c/ Santa Leonor, S/N', '29670', 9),
  (288, 'DIA', 'Autovía A7, PK 142.5, urbanización Los Hidalgos', '29692', 2),
  (289, 'Manilva', 'Ctra N-340, Km 1079', '29692', 6),
  (290, 'PORTADA', 'c/ La Portada, Parcela 4', '29680', 1),
  (291, 'CARREFOUR ESTEPONA', 'Ctra Cádiz-Málaga km. 156,9', '29680', 1),
  (292, 'ESTEPONA', 'c/ Torre Almenara, Frente al Puerto', '29680', 1),
  (293, 'BELL AIR', 'Urb Bell-Air Camino Calderon', '29680', 1),
  (294, 'DIA', 'Avda Carlos Cano,1. Conjunto Miramar, Fase Ii 8', '29680', 2),
  (295, 'DIA', 'c/ Juan Gris, 15', '29680', 2),
  (296, 'SP/OP ESTEPONA', 'Avda de Espatia,s/n Parcela Sur Puerto Deportivo Estepona', '29680', 3),
  (297, 'SUPERCOR MONTEMAYOR (ESTEPONA)', 'Avda Puerta del Mar 45', '29680', 3),
  (298, 'SP/OP EL PILAR', 'Urb "El Pilar" parcela G-dos y G-uno. N-340 (Km 167,5)', '29680', 3),
  (299, 'Estepona', 'Avda Puerta del Mar, s/n', '29680', 6),
  (300, 'ESTEPONA', 'Avda España, 200', '29680', 8),
  (301, 'Avda. Andalucía', 'Avda ANDALUCIA, S/N', '29680', 9),
  (302, 'Bel- Air', 'Avda DE BEL-AIR, 2', '29680', 9),
  (303, 'LA PORTADA', 'AVDA. ANDALUCÍA, 20', '29680', 9),
  (304, 'CAMINO DE LAS MESAS', 'C/ ITALIA, 1', '29680', 9),
  (305, 'ARROYO DE ENMEDIO', 'C/ JOSEFINA SAMPER, S/N', '29680', 9),
  (306, 'CASABLANCA', 'c/  Casablanca, 5', '29620', 1),
  (307, 'CARREFOUR TORREMOLINOS', 'CN-340 CC  Costasol Centro Carretera Circunvalación s/nº', '29620', 1),
  (308, 'PLAYAMAR', 'Paseo del Colorado 25', '29620', 1),
  (309, 'HIPERTORREMOLINOS', 'Avda de los Manantiales, s/n', '29620', 1),
  (310, 'DIA', 'Avda Benalmadena S/N', '29620', 2),
  (311, 'DIA', 'c/ Ciudad de Porcuna, 4', '29620', 2),
  (312, 'DIA', 'c/ Joan Miró Nº8', '29620', 2),
  (313, 'Torremolinos Saltillo', 'Avda Carlota Alesandri, nº 288', '29620', 6),
  (314, 'Torremolinos Playamar', 'c/ Cruz, 69', '29620', 6),
  (315, 'Centro', 'c/ GRAN CARDENAL, 12', '29620', 8),
  (316, 'Playamar', 'Avda Playamar, S/N', '29620', 9),
  (317, 'El Pinillo', 'c/ Miguel de Cervantes, s/n', '29620', 9),
  (318, 'Río Aranda', 'c/ Rio Aranda, S/N', '29620', 9),
  (319, 'Plaza Costa Del Sol', 'Plaza Costa del Sol, S/N', '29620', 9),
  (320, 'LOS GUINDOS', 'c/ Camino de los Guindos, 8', '29004', 1),
  (321, 'CUARTELES', 'c/ Cuarteles, 49', '29002', 1),
  (322, 'PASEO DE LOS TILOS', 'Paseo de los Tilos, 53', '29006', 1),
  (323, 'CARREFOUR LOS PATIOS', 'Ctra de Cádiz, Km. 241 - CC Los Patios', '29004', 1),
  (324, 'DIA FRANQUICIA', 'c/ Mirarosas', '29006', 2),
  (325, 'DIA LA PLAZA', 'c/ Reboul, s/n - Esq Gregorio Frías', '29006', 2),
  (326, 'DIAMARKET', 'c/ Ayala 82', '29002', 2),
  (327, 'DIAMAXI', 'Avda Velázquez, 9', '29003', 2),
  (328, 'DIAMAXI', 'c/ Cuarteles, 35', '29002', 2),
  (329, 'EL JAMON', 'Avda Europa, 112', '29003', 4),
  (330, 'EL JAMON', 'c/ Paseo de los Tilos, 35', '29006', 4),
  (331, 'Málaga Cruz de Humilladero', 'c/ Gerona, 43', '29006', 6),
  (332, 'Málaga Sostoa', 'c/ Héroe Sostoa, 126', '29002', 6),
  (333, 'Málaga Litoral', 'c/ Villanueva de Algaidas,6', '29004', 6),
  (334, 'PAVIA', 'Avda. de la Aurora esq. C/ Pavía numero 9', '29002', 8),
  (335, 'CARRIL DE LA CHUPA', 'c/ Carril de la Chupa s/n', '29004', 8),
  (336, 'CUARTELILLO', 'c/ Cuarteles, 37', '29002', 8),
  (337, 'PARQUE PONIENTE- LA TÉRMICA', 'c/ Canillas de Aceituno, 1', '29004', 8),
  (338, 'La Luz', 'Avda Antonio Gaudí, 10', '29004', 8),
  (339, 'Camino San Rafael', 'c/ Alozaina 17', '29006', 8),
  (340, 'Centro', 'C/ AYALA, 92', '29002', 8),
  (341, 'Huelin', 'c/ Capulino Jáuregui, 3', '29002', 8),
  (342, 'Carretera de Cártama', 'c/ Obsidiana, 1-Barriada Santa Cristina', '29006', 8),
  (343, 'Puerta Blanca', 'Avda Velazquez, 95 - C/ Viña del Mar, 2', '29004', 9),
  (344, 'Camino San Rafael', 'Camino San Rafael, 55', '29006', 9),
  (345, 'DIA FRANQUICIA', 'Avda Blas Infante 10', '29530', 2),
  (346, 'MASKOM', 'Plaza Andalucía 20', '29530', 8),
  (347, 'CARREFOUR ANTEQUERA', 'CC La Verónica. Ctra Sevilla CN 343-PK 6,5', '29200', 1),
  (348, 'Antequera', 'c/ Barrrero, 10--Ctra Sevilla-Cuesta Talavera', '29200', 6),
  (349, 'AVDA. DE LA ESTACION', 'Avda de la Estación s/n', '29200', 9),
  (350, 'CALZADA', 'c/ Calzada, 18', '29200', 9),
  (351, 'PARQUESOL', 'Urb Parquesol, 32', '29200', 9),
  (352, 'MASKOM', 'c/ Nueva 16-18', '29300', 8),
  (353, 'Archidona', 'Avda Llano de Pablo Picasso, 30', '29300', 9),
  (354, 'Mollina', 'Avda de la Casería del Rey, 12', '29532', 8),
  (355, 'MASKOM', 'C/ Archidona 15', '29310', 8),
  (356, 'DIAMARKET', 'Ctra Antequera-Malaga, Km 64.14', '29310', 2),
  (357, 'MASKOM', 'Av. JUAN XXIII, 28', '29566', 8),
  (358, 'MASKOM', 'C/ AGUILAR Y CANO, 4', '29018', NULL);

-- 11. STORES IN CAMPAIGN (only participating ones)
INSERT INTO campaign_stores (id_campaign, id_store) VALUES
  (1, 48),
  (1, 49),
  (1, 50),
  (1, 51),
  (1, 52),
  (1, 53),
  (1, 54),
  (1, 56),
  (1, 57),
  (1, 58),
  (1, 59),
  (1, 60),
  (1, 61),
  (1, 62),
  (1, 63),
  (1, 64),
  (1, 65),
  (1, 66),
  (1, 67),
  (1, 68),
  (1, 69),
  (1, 70),
  (1, 71),
  (1, 72),
  (1, 73),
  (1, 74),
  (1, 75),
  (1, 76),
  (1, 77),
  (1, 78),
  (1, 79),
  (1, 80),
  (1, 81),
  (1, 82),
  (1, 83),
  (1, 85),
  (1, 86),
  (1, 87),
  (1, 88),
  (1, 89),
  (1, 93),
  (1, 105),
  (1, 106),
  (1, 107),
  (1, 108),
  (1, 109),
  (1, 110),
  (1, 111),
  (1, 112),
  (1, 115),
  (1, 116),
  (1, 121),
  (1, 122),
  (1, 123),
  (1, 131),
  (1, 132),
  (1, 133),
  (1, 140),
  (1, 141),
  (1, 142),
  (1, 146),
  (1, 151),
  (1, 152),
  (1, 153),
  (1, 158),
  (1, 159),
  (1, 160),
  (1, 163),
  (1, 167),
  (1, 169),
  (1, 170),
  (1, 173),
  (1, 174),
  (1, 175),
  (1, 176),
  (1, 181),
  (1, 182),
  (1, 188),
  (1, 189),
  (1, 190),
  (1, 191),
  (1, 192),
  (1, 198),
  (1, 199),
  (1, 200),
  (1, 201),
  (1, 217),
  (1, 218),
  (1, 219),
  (1, 220),
  (1, 221),
  (1, 222),
  (1, 223),
  (1, 224),
  (1, 234),
  (1, 235),
  (1, 241),
  (1, 242),
  (1, 243),
  (1, 244),
  (1, 246),
  (1, 271),
  (1, 272),
  (1, 273),
  (1, 274),
  (1, 275),
  (1, 276),
  (1, 277),
  (1, 285),
  (1, 286),
  (1, 287),
  (1, 300),
  (1, 301),
  (1, 302),
  (1, 303),
  (1, 304),
  (1, 305),
  (1, 315),
  (1, 316),
  (1, 317),
  (1, 318),
  (1, 319),
  (1, 334),
  (1, 335),
  (1, 336),
  (1, 337),
  (1, 338),
  (1, 339),
  (1, 340),
  (1, 341),
  (1, 342),
  (1, 343),
  (1, 346),
  (1, 349),
  (1, 350),
  (1, 351),
  (1, 352),
  (1, 353),
  (1, 354),
  (1, 355),
  (1, 357),
  (1, 358);

-- 12. PARTNER ENTITIES
INSERT INTO partner_entities (id_partner_entity, name, address, phone) VALUES
  (1, 'AAVV TORRIJOS', 'Centro Ciudadano Huelin.Calle Emilio de la Cerda 24,2ª. 29002 MALAGA', NULL),
  (2, 'ABC ASOCIACIÓN BENEFICA CRISTIANA DIOS ES FIEL', 'Calle Jabalcuza,11
29130 - Alhaurín de la Torre ( Malaga)', NULL),
  (3, 'ACCEM', 'Callejón Pericón
29008 - Málaga', NULL),
  (4, 'ACCION PLURAL', 'CALLE CANALES,7
29002 - Málaga', NULL),
  (5, 'ADINTRE', 'Calle Feria de Jerez s/n
29640 - Fuengirola, Málaga', NULL),
  (6, 'ADRA', 'Calle Licurgo, 26
29004 - Málaga', NULL),
  (7, 'AECC ASOCIACION ESPAÑOLA CONTRA EL CANCER MALAGA', 'Alameda de Capuchinos, 37-39, 29009 Málaga', NULL),
  (8, 'AGRUPACIÓN COFRADIAS DE MARBELLA', 'PLAZA DE LA IGLESIA, S/N
29601 - Marbella, Málaga', NULL),
  (9, 'ALCER ASOCIACION PARA LA LUCHA CONTRA LAS ENFERMEDADES RENALES', 'Avenida Carlos de Haya, 41 1ºB
29010 - Malaga', NULL),
  (10, 'AMANECER EN LA COLONIA ASOCIACIÓN', 'C/ Bilbao, 2
29660 San Pedro Alcántara', NULL),
  (11, 'AMFREMAR COMEDOR SOCIAL', 'Practicante Fernández Alcolea, 11', NULL),
  (12, 'ARPOM - AYUDA RECUPERACION POLITOXICOMANOS MARGINADOS. ALORA', 'Camimo de la Vega Redonda. s/n 
29500 - Alora', NULL),
  (13, 'ASIMA ASOCIACION CIUDADANA ANTISIDA DE MALAGA', 'Calle Cruz Verde, 22
29013 - Málaga', NULL),
  (14, 'ASIS COMEDOR SOCIAL DE ANTEQUERA', 'C/ Córdoba 29, Antequera, postal_code
29200 (Málaga)', NULL),
  (15, 'ASOCIACIÓN AYUDA SOCIAL PALABRAS DE PODER', 'Calle Tulipan,48', NULL),
  (16, 'ASOCIACIÓN CENTRO DE VIDA CRISTIANA DE MALAGA', 'Camino de la Corta s/n
29010 - Málaga', NULL),
  (17, 'ASOCIACIÓN CONTRA LA POBREZA Y EXCLUSION SOCIAL DE VELEZ-MALAGA', 'Plz de las Indias, 7
29700 Vélez-Málaga', NULL),
  (18, 'ASOCIACIÓN CULTURAL BENFICA 100.1 AMANECER', 'CALLE SALESIANOS ,6', NULL),
  (19, 'ASOCIACIÓN EL VUELO DE LAS LIBELULAS', 'Avda Estrella de Mar, 18
29630 - Benalmádena, Málaga', NULL),
  (20, 'ASOCIACIÓN EVANGELICA GRAN LUZ', 'Pza. Hospital Civil 
29009 - Málaga', NULL),
  (21, 'ASOCIACIÓN MARROQUI', 'CALLE JINETES, NUM 5
29012 - Málaga', NULL),
  (22, 'ASOCIACIÓN NUEVA CULTURA DESARROLLO GITANO', 'Río Viñuela, 1-Villa Carmen 4
29651 Mijas Costa', NULL),
  (23, 'ASOCIACIÓN PAPILIO', 'CAMINO VIEJO DE VÉLEZ,5
29738 - Torre de Benagalbon, Rincón de la Victoria, Málaga', NULL),
  (24, 'ASOCIACIÓN RED MADRE MALAGA', 'Jaboneros, 7
29009 - Málaga', NULL),
  (25, 'ASOCIACIÓN SAN IGNACIO', 'C/ ABUL BEKA 15, 29004 malaga', NULL),
  (26, 'ASOCIACIÓN SAN VICENTE DE PAUL', 'C/ Eucalipto. Iglesia de la Mosca', NULL),
  (27, 'AYUNTAMIENTO DE ALAMEDA', 'PLAZA DE ESPAÑA, 5
29530 - Alameda, Málaga', NULL),
  (28, 'AYUNTAMIENTO DE ALGARROBO', 'c/Antonio Ruiz Rivas, 2
29750', NULL),
  (29, 'AYUNTAMIENTO DE ALGATOCIN', 'C/ FUENTE Nº 2
29491 - Algatocín, Málaga', NULL),
  (30, 'AYUNTAMIENTO DE ALMACHAR', NULL, NULL),
  (31, 'AYUNTAMIENTO DE ALMOGIA', 'Plz de la Constitución, s/n 29150 Almogía, Málaga', NULL),
  (32, 'AYUNTAMIENTO DE ARCHIDONA', 'PLAZA OCHAVADA Nº1
29300 - Archidona, Málaga', NULL),
  (33, 'AYUNTAMIENTO DE ARRIATE', 'Plz de la emigración Arriateña, s/n
29350 - Arriate, Málaga', NULL),
  (34, 'AYUNTAMIENTO DE CASABERMEJA', 'C/ LLANETE DE ABAJO, 2
29160 - Casabermeja, Málaga', NULL),
  (35, 'AYUNTAMIENTO DE CORTES DE LA FRONTERA', 'PLAZA CARLOS TERCERO
29380 - Cortes de la Frontera, Málaga', NULL),
  (36, 'AYUNTAMIENTO DE FUENTE DE PIEDRA', 'Calle Ancha, 9                 29520 - Fuente de Piedra (Málaga)', NULL),
  (37, 'AYUNTAMIENTO DE HUMILLADERO', 'Avda. El Emigrante, 1                       29531 Humilladero', NULL),
  (38, 'AYUNTAMIENTO DE JUBRIQUE', 'CALLE CONSTITUCIÓN S/N.BAJOS AYUNTAMIENTO', NULL),
  (39, 'AYUNTAMIENTO DE MANILVA', 'Calle Mar, 34
29691 Manilva, Málaga, España', NULL),
  (40, 'AYUNTAMIENTO DE MOCLINEJO', NULL, NULL),
  (41, 'AYUNTAMIENTO DE MOLLINA', 'CALLE DE LA ALAMEDA, 1
29532 - Mollina, Málaga', NULL),
  (42, 'AYUNTAMIENTO DE MONTEJAQUE', 'Plz Constitución, 4
29360 - Montejaque, Málaga', NULL),
  (43, 'AYUNTAMIENTO DE OJEN', 'Camino Marbella, 3
29610 Ojén, Málaga', NULL),
  (44, 'AYUNTAMIENTO DE SIERRA DE YEGUAS', 'Plz Andalucia, 1            29328 - Sierra de Yeguas (Málaga)', NULL),
  (45, 'AYUNTAMIENTO DE TEBA', 'Pl. de la Constitución, 13, 29327 Teba, Málaga', NULL),
  (46, 'AYUNTAMIENTO DE TORROX', 'Plz de la Constitución, 1                           
29793 Torrox', NULL),
  (47, 'AYUNTAMIENTO DE VILLANUEVA  DEL TRABUCO', 'Plaza del Prado, 1
29313 - Villanueva del Trabuco, Málaga', NULL),
  (48, 'AYUNTAMIENTO DE VILLANUEVA DE ALGAIDAS', 'C/ Constitución, 16          29310 - Villanueva de Algaidas (Málaga)', NULL),
  (49, 'AYUNTAMIENTO DEL VALLE DE ABDALAJIS', 'Calle Alameda, 2
29240 Valle de Abdalajís, Málaga', NULL),
  (50, 'BUENAS NUEVAS IGLESIA EVANGELICA', 'Camino San Rafael, 91
29006 Málaga', NULL),
  (51, 'CARITAS CALVARIO - MARBELLA', 'Calle del Calvario, s/n 
29601 Marbella', NULL),
  (52, 'CARITAS CASTRENSE', 'C/ Casas de Campos,18.Bajo Izq
29001 - Málaga', NULL),
  (53, 'CARITAS DIOCESANA - HOGAR POZO DULCE', 'C/ Pozos Dulces, - 29008 - Málaga', NULL),
  (54, 'CARITAS NUEVA ANDALUCIA - MARBELLA', 'Avda. Gustavo Adolfo Bécquer, 40 
29660 Nueva Andalucía', NULL),
  (55, 'CARITAS PARROQUIAL SANTO TOMÁS DE AQUINO', 'Calle Salvador Dalí, 3
29009 - Málaga', NULL),
  (56, 'CARITAS PURISIMA CONCEPCION. MALAGA', 'Plz Prudencio Jiménez, 1
29010 - Málaga', NULL),
  (57, 'CARITAS SAN JOSE DE ESTEPONA', 'Mariana Pineda, 1
29680 - Estepona, Málaga', NULL),
  (58, 'CARITAS VIRGEN DEL ROCIO - SAN PEDRO ALCANTARA', 'Avda. Virgen del Rocío, 25                            
29670 San Pedro de Alcántara', NULL),
  (59, 'CARMELITAS MISIONERAS COMUNIDAD DE RELIGIOSAS SANTA TERESA', 'Avda. del Carmelo, 12                              29620 Torremolinos, Malaga', NULL),
  (60, 'CASA MENGA ASOC', 'Plz de Capuchinos, 2
Antequera', NULL),
  (61, 'CASA SALESIANA-COLEGIO SAGRDO CORAZON DE JESUS', 'Carretera de Campillos,S/N', NULL),
  (62, 'CENTRO ACOGIDA DE SAN JUAN DE DIOS', 'Plazuela de San Juan de Dios, 2             29008 Málaga', NULL),
  (63, 'CESMA CENTRO ESPAÑOL DE SOLIDARIDAD DE MALAGA ALGARROBO-AXARQUIA', 'Carretera Algarrobo, Km 1', NULL),
  (64, 'CIUDAD DE LOS NIÑOS - HERMANOS OBREROS DE MARIA', 'Finca Los Asperones, s/n  - 29010 - Málaga', NULL),
  (65, 'COLEGIO LA MILAGROSA-HIJAS DE LA CARIDAD - EL PALO', 'PLAZA VIRGEN MILAGROSA 11, 29017 - Málaga', NULL),
  (66, 'COMEDOR SOCIAL ADE RONDA', 'C/ Infantes, 51
29400 Ronda', NULL),
  (67, 'COMEDOR SOCIAL HIJAS DE LA CARIDAD', 'C/ ARLANZA Nº 7
29011 - Málaga', NULL),
  (68, 'COMEDOR SOCIAL YO SOY TU', 'Calle Moreno Nieto, 18
29011 Málaga', NULL),
  (69, 'COMUNIDAD RR ADORATRICES CASA EN MÁLAGA', 'Santa María Micaela, s/n
29013 Málaga', NULL),
  (70, 'COMUNIDAD SANTA ROSALÍA', 'Calle Bernardo de Balbuena,3
29591 - Santa Rosalía, Málaga', NULL),
  (71, 'CONVENTO NUESTRA SEÑORA DE LA PAZ. CLARISAS TRINIDAD', 'Plz Zumaya, 5
29009 - Málaga', NULL),
  (72, 'COOPERACIÓN INTERNACIONAL', 'Club Maestranza. Avenida de las Caballerizas, Limonar', NULL),
  (73, 'CORAJE SOLIDARIO', 'Calle Sta. Isabel 15
29640 Fuengirola, Málaga', NULL),
  (74, 'CORAZONES MALAGUEÑOS', 'CAMINO DE SAN RAFAEL', NULL),
  (75, 'COTOLENGO FUNDACION CASA DEL SAGRADO CORAZON DE JESUS', 'c/ López Pinto
29002 - Málaga', NULL),
  (76, 'DESARROLLO E INTEGRACION DIEZ 42', 'Av.Andalucia, 27-Local 7A    
29010 Málaga', NULL),
  (77, 'EMAUS OBRA DE AMOR COMEDOR SOCIAL VELEZ-MALAGA', 'C/ Esperanza nº 15
29700 Vélez- Málaga', NULL),
  (78, 'EMAUS, OBRA DE AMOR ESTEPONA', 'Calle del Naranjo, 5
29680 - Estepona, Málaga', NULL),
  (79, 'EMAUS, OBRA DE AMOR TORREMOLINOS', 'C/ CRUZ Nº 5, 1º
29620 - Torremolinos, Málaga', NULL),
  (80, 'FIBROMIALGIA - ASOC DE FIBROMIALGIA Y FATIGA CRONICA DE ARRIATE', 'C/ LA FABRICA S/N
29350 - Arriate, Málaga', NULL),
  (81, 'FUNDACIÓN BENÉFICA VIRGEN DE VALVANUZ', 'Huerto de los Claveles, 7 - Bajo 7
29013 - Málaga', NULL),
  (82, 'FUNDACION DE LEONES. TORREMOLINOS', 'Calle Tiépolo.S/N.Local 5 y 6
29620 - Torremolinos, Málaga', NULL),
  (83, 'FUNDACION LA MERCED MIGRACIONES', 'Plz de las Flores,5
29005 Málaga', NULL),
  (84, 'FUNDACION PROLIBERTAS', 'Cruz Blanca, 25
29200 - Antequera, Málaga', NULL),
  (85, 'HERMANAS DE LA COMPAÑIA DE LA CRUZ (PIZARRA)', 'Alta, 8
29560  Pizarra', NULL),
  (86, 'HERMANAS DE LA CRUZ RONDA', 'Plz Duquesa de Parcent, 7
29400 - Ronda, Málaga', NULL),
  (87, 'HERMANITAS DE LOS POBRES DE RONDA', 'Av. Poeta Rilke, 2 B
29400 - Ronda, Málaga', NULL),
  (88, 'HOGAR BETANIA', 'C/ Dos Aceras,18
29012 - Málaga', NULL),
  (89, 'INSERTA ANDALUCIA', 'CALLE JOSÉ PALANCA 1
29003 - Málaga', NULL),
  (90, 'INTEGRACIÓN PARA LA VIDA "INPAVI"', 'Camino de la Corta s/n', NULL),
  (91, 'JARIFA ASOC ALIMENTOS', 'Calle Atrás, 2
29500 Álora, Málaga', NULL),
  (92, 'JOMAD ASOC AYUDA A JOVENES Y MENORES MARGINADOS POR LAS DROGAS', 'C/ Altozano 1-3, 29013 - Málaga', NULL),
  (93, 'LA UNIÓN DE CIUDAD JARDÍN', 'Avda. Las Postas, s/n - Antiguo Colegio Salvador Rueda
29014 - MÁLAGA', NULL),
  (94, 'MAYDAN MALAGA ASOC', 'C/Rafaela 18-2
29009 Málaga', NULL),
  (95, 'MENSAJEROS DE LA PAZ ANDALUCIA', 'C. de Prosper Mérimée,17.Bloque 7,2b', NULL),
  (96, 'MUJERES DE LA LAGUNA', 'JUANA CASTRO 2
29010 - Málaga', NULL),
  (97, 'NOVAYA VOLNA', 'C/Antonio Jiménez Ruiz, 54
29009 Malaga', NULL),
  (98, 'PATRONATO HOGAR NUESTRA SEÑORA DE LOS ÁNGELES', 'C/ Arroyo de los Angeles,  S/N
APTDO CORREOS 63
29011 - Málaga', NULL),
  (99, 'PENTECOSTAL IGLESIA APOSTOLICA ANTEQUERA', 'Arrayán, 6
29200 - Antequera, Málaga', NULL),
  (100, 'PEPE BRAVO CASA DE ACOGIDA', 'C/ Sanchez Rivas Nº 36
29567 Alozaina, Málaga', NULL),
  (101, 'RELIGIOSAS DE MARÍA INMACULADA (SERVICIO DOMESTICO)', 'Victoria, 70-72
29012 Málaga', NULL),
  (102, 'RELIGIOSAS FILIPENSES HIJAS DE MARIA DOLOROSA - HOGAR SAN CARLOS', 'Llano de la Trinidad
29007 - Málaga', NULL),
  (103, 'RESIDENCIA DE ANCIANOS HERMANITAS DE LOS POBRES', 'C/ HEROE DE SOSTOA  Nº 1
29002 - Málaga', NULL),
  (104, 'RESIDENCIA DE MAYORES SAN JOSÉ DE LA MONTAÑA', 'Calle Madre Petra, 6
29240 Valle de Abdalajís, Málaga', NULL),
  (105, 'RESIDENCIA MONSALVE HERMANAS CARMELITAS DEL SAGRADO CORAZON DE JESUS.', 'C/Mercedes Formica 89
29140 - Málaga', NULL),
  (106, 'RESIDENCIA SAN JUAN DE DIOS ANTEQUERA', 'Ctra Granada S/N
29200 - Antequera, Málaga', NULL),
  (107, 'SAVE THE CHILDREN', 'Avenida. Nuestra Señora de las Guias, 1', NULL),
  (108, 'SENDA PROYECTO HOMBRE - RONDA', 'Pasaje Juan de la Cruz, LOCAL 1
29400 - Ronda, Málaga', NULL),
  (109, 'THEMIS ASOC DE INMIGRANTES MUJERES Y NIÑOS', 'CL Tejares, 48
29011 - MALAGA', NULL),
  (110, 'VIRGEN DE LAS FLORES ALORA RESIDENCIA', 'Av. Pablo Ruiz Picasso, 20 29500 Álora', NULL);


-- EXTRA USERS FOR TESTING (admin, captain, collaborator)
INSERT INTO user_accounts (id_user, name, email, phone, password) VALUES
  (14, 'Admin Test', 'admin@bancosol.info', '600000001', 'changeme'),
  (15, 'Captain Test', 'capitan@bancosol.info', '600000002', 'changeme'),
  (16, 'Collaborator Test', 'colaborador@bancosol.info', '600000003', 'changeme');

INSERT INTO administrators (id_user) VALUES (14);

INSERT INTO captains (id_user, id_campaign) VALUES (15, 1);

INSERT INTO partner_entity_managers (id_user, id_partner_entity) VALUES (16, NULL);

-- ============================================================
-- SEQUENCE RESYNC (PostgreSQL)
-- Prevent duplicate ID errors after manual inserts with explicit IDs.
-- ============================================================
SELECT setval(
  pg_get_serial_sequence('campaign_types', 'id_type'),
  COALESCE((SELECT MAX(id_type) FROM campaign_types), 1),
  true
);

SELECT setval(
  pg_get_serial_sequence('campaigns', 'id_campaign'),
  COALESCE((SELECT MAX(id_campaign) FROM campaigns), 1),
  true
);

SELECT setval(
  pg_get_serial_sequence('geographic_zones', 'id_zone'),
  COALESCE((SELECT MAX(id_zone) FROM geographic_zones), 1),
  true
);

SELECT setval(
  pg_get_serial_sequence('localities', 'id_locality'),
  COALESCE((SELECT MAX(id_locality) FROM localities), 1),
  true
);

SELECT setval(
  pg_get_serial_sequence('districts', 'id_district'),
  COALESCE((SELECT MAX(id_district) FROM districts), 1),
  true
);

SELECT setval(
  pg_get_serial_sequence('chains', 'id_chain'),
  COALESCE((SELECT MAX(id_chain) FROM chains), 1),
  true
);

SELECT setval(
  pg_get_serial_sequence('user_accounts', 'id_user'),
  COALESCE((SELECT MAX(id_user) FROM user_accounts), 1),
  true
);

SELECT setval(
  pg_get_serial_sequence('stores', 'id_store'),
  COALESCE((SELECT MAX(id_store) FROM stores), 1),
  true
);

SELECT setval(
  pg_get_serial_sequence('partner_entities', 'id_partner_entity'),
  COALESCE((SELECT MAX(id_partner_entity) FROM partner_entities), 1),
  true
);
