INSERT INTO Cadena (ID_Cadena, Nombre, Codigo, Participa) VALUES (1, 'CARREFOUR', 'CAD-001', TRUE);
INSERT INTO Cadena (ID_Cadena, Nombre, Codigo, Participa) VALUES (2, 'DIA', 'CAD-002', TRUE);
INSERT INTO Cadena (ID_Cadena, Nombre, Codigo, Participa) VALUES (3, 'EL CORTE INGLES', 'CAD-003', TRUE);
INSERT INTO Cadena (ID_Cadena, Nombre, Codigo, Participa) VALUES (4, 'EL JAMON', 'CAD-004', TRUE);
INSERT INTO Cadena (ID_Cadena, Nombre, Codigo, Participa) VALUES (5, 'EROSKI', 'CAD-005', TRUE);
INSERT INTO Cadena (ID_Cadena, Nombre, Codigo, Participa) VALUES (6, 'LIDL', 'CAD-006', TRUE);
INSERT INTO Cadena (ID_Cadena, Nombre, Codigo, Participa) VALUES (7, 'MAKRO', 'CAD-007', TRUE);
INSERT INTO Cadena (ID_Cadena, Nombre, Codigo, Participa) VALUES (8, 'MAS', 'CAD-008', TRUE);
INSERT INTO Cadena (ID_Cadena, Nombre, Codigo, Participa) VALUES (9, 'MERCADONA', 'CAD-009', TRUE);
INSERT INTO Cadena (ID_Cadena, Nombre, Codigo, Participa) VALUES (10, 'SUMA', 'CAD-010', TRUE);
INSERT INTO Cadena (ID_Cadena, Nombre, Codigo, Participa) VALUES (11, 'ALCAMPO', 'CAD-011', TRUE);

INSERT INTO Tienda (ID_Tienda, Nombre, Domicilio, Localidad, CP, Zona_Geografica, ID_Cadena) VALUES (1, 'CARREFOUR EXPRESS', 'Avda Pio Baroja, 6', 'Málaga', '29017', 'Málaga', 1);
INSERT INTO Tienda (ID_Tienda, Nombre, Domicilio, Localidad, CP, Zona_Geografica, ID_Cadena) VALUES (2, 'CARREFOUR EXPRESS', 'Avda Principal del Candado, 2', 'Málaga', '29018', 'Málaga', 1);
INSERT INTO Tienda (ID_Tienda, Nombre, Domicilio, Localidad, CP, Zona_Geografica, ID_Cadena) VALUES (3, 'CARREFOUR EXPRESS', 'c/  Atarazanas, s/n', 'Málaga', '29005', 'Málaga', 1);
INSERT INTO Tienda (ID_Tienda, Nombre, Domicilio, Localidad, CP, Zona_Geografica, ID_Cadena) VALUES (4, 'CARREFOUR EXPRESS', 'c/ Cervantes, 5', 'Málaga', '29016', 'Málaga', 1);
INSERT INTO Tienda (ID_Tienda, Nombre, Domicilio, Localidad, CP, Zona_Geografica, ID_Cadena) VALUES (5, 'CARREFOUR EXPRESS', 'c/ Reding, 10', 'Málaga', '29016', 'Málaga', 1);
INSERT INTO Tienda (ID_Tienda, Nombre, Domicilio, Localidad, CP, Zona_Geografica, ID_Cadena) VALUES (6, 'CARREFOUR EXPRESS', 'c/ Tomás Escalonilla', 'Málaga', '29010', 'Málaga', 1);
INSERT INTO Tienda (ID_Tienda, Nombre, Domicilio, Localidad, CP, Zona_Geografica, ID_Cadena) VALUES (7, 'CARREFOUR EXPRESS', 'Ctra Almería, 19-21', 'Málaga', '29018', 'Málaga', 1);
INSERT INTO Tienda (ID_Tienda, Nombre, Domicilio, Localidad, CP, Zona_Geografica, ID_Cadena) VALUES (8, 'CARREFOUR EXPRESS', 'Pasaje Tamayo y Baus, 2', 'Málaga', '29010', 'Málaga', 1);
INSERT INTO Tienda (ID_Tienda, Nombre, Domicilio, Localidad, CP, Zona_Geografica, ID_Cadena) VALUES (9, 'CARREFOUR HIPER', 'CC LA ROSALEDA C/: Simón Bolívar, s/n', 'Málaga', '29011', 'Málaga', 1);
INSERT INTO Tienda (ID_Tienda, Nombre, Domicilio, Localidad, CP, Zona_Geografica, ID_Cadena) VALUES (10, 'CARREFOUR HIPER', 'Prolongación Avda Andalucía s/n', 'Málaga', '29007', 'Málaga', 1);
INSERT INTO Tienda (ID_Tienda, Nombre, Domicilio, Localidad, CP, Zona_Geografica, ID_Cadena) VALUES (11, 'CARREFOUR MARKET', 'Avda Juan Sebastian Elcano 30', 'Málaga', '29017', 'Málaga', 1);
INSERT INTO Tienda (ID_Tienda, Nombre, Domicilio, Localidad, CP, Zona_Geografica, ID_Cadena) VALUES (12, 'CARREFOUR MARKET', 'c/ Gordón, Prolongación 13', 'Málaga', '29013', 'Málaga', 1);
INSERT INTO Tienda (ID_Tienda, Nombre, Domicilio, Localidad, CP, Zona_Geografica, ID_Cadena) VALUES (13, 'CARREFOUR SUPECO', 'c/ Rafaela, 11', 'Málaga', '29009', 'Málaga', 1);
INSERT INTO Tienda (ID_Tienda, Nombre, Domicilio, Localidad, CP, Zona_Geografica, ID_Cadena) VALUES (14, 'DIA', 'Avda Málaga Oloroso 30', 'Málaga', '29014', 'Málaga', 2);
INSERT INTO Tienda (ID_Tienda, Nombre, Domicilio, Localidad, CP, Zona_Geografica, ID_Cadena) VALUES (15, 'DIA', 'c/ Albéniz 38', 'Málaga', '29014', 'Málaga', 2);
INSERT INTO Tienda (ID_Tienda, Nombre, Domicilio, Localidad, CP, Zona_Geografica, ID_Cadena) VALUES (16, 'DIA', 'c/ Alcalde Joaquim Quiles, 19', 'Málaga', '29014', 'Málaga', 2);
INSERT INTO Tienda (ID_Tienda, Nombre, Domicilio, Localidad, CP, Zona_Geografica, ID_Cadena) VALUES (17, 'DIA', 'c/ Alozaina, 4', 'Málaga', '29006', 'Málaga', 2);
INSERT INTO Tienda (ID_Tienda, Nombre, Domicilio, Localidad, CP, Zona_Geografica, ID_Cadena) VALUES (18, 'DIA', 'c/ Antigona 4', 'Málaga', '29010', 'Málaga', 2);
INSERT INTO Tienda (ID_Tienda, Nombre, Domicilio, Localidad, CP, Zona_Geografica, ID_Cadena) VALUES (19, 'DIA', 'c/ Carreterias, 94', 'Málaga', '29008', 'Málaga', 2);
INSERT INTO Tienda (ID_Tienda, Nombre, Domicilio, Localidad, CP, Zona_Geografica, ID_Cadena) VALUES (20, 'DIA', 'c/ Cómpeta, 8', 'Málaga', '29007', 'Málaga', 2);
INSERT INTO Tienda (ID_Tienda, Nombre, Domicilio, Localidad, CP, Zona_Geografica, ID_Cadena) VALUES (21, 'DIA', 'c/ Corregidor Francisco de Luján, 9', 'Málaga', '29006', 'Málaga', 2);
INSERT INTO Tienda (ID_Tienda, Nombre, Domicilio, Localidad, CP, Zona_Geografica, ID_Cadena) VALUES (22, 'DIA', 'c/ Enrique de Egas, 5', 'Málaga', '29010', 'Málaga', 2);
INSERT INTO Tienda (ID_Tienda, Nombre, Domicilio, Localidad, CP, Zona_Geografica, ID_Cadena) VALUES (23, 'DIA', 'c/ Juan de Austria, 32', 'Málaga', '29009', 'Málaga', 2);
INSERT INTO Tienda (ID_Tienda, Nombre, Domicilio, Localidad, CP, Zona_Geografica, ID_Cadena) VALUES (24, 'DIA', 'c/ Macabeos, 5', 'Málaga', '29012', 'Málaga', 2);
INSERT INTO Tienda (ID_Tienda, Nombre, Domicilio, Localidad, CP, Zona_Geografica, ID_Cadena) VALUES (25, 'DIA', 'c/ Magistrado Salvador Barbera, 7', 'Málaga', '29010', 'Málaga', 2);
INSERT INTO Tienda (ID_Tienda, Nombre, Domicilio, Localidad, CP, Zona_Geografica, ID_Cadena) VALUES (26, 'DIA', 'c/ Marmoles, 27', 'Málaga', '29007', 'Málaga', 2);
INSERT INTO Tienda (ID_Tienda, Nombre, Domicilio, Localidad, CP, Zona_Geografica, ID_Cadena) VALUES (27, 'DIA', 'c/ Miguel Moya, 14', 'Málaga', '29017', 'Málaga', 2);
INSERT INTO Tienda (ID_Tienda, Nombre, Domicilio, Localidad, CP, Zona_Geografica, ID_Cadena) VALUES (28, 'DIA', 'c/ Niño de Gloria, 10', 'Málaga', '29003', 'Málaga', 2);
INSERT INTO Tienda (ID_Tienda, Nombre, Domicilio, Localidad, CP, Zona_Geografica, ID_Cadena) VALUES (29, 'DIA', 'c/ Nuestra Señora Del Tiscar 8', 'Málaga', '29010', 'Málaga', 2);
INSERT INTO Tienda (ID_Tienda, Nombre, Domicilio, Localidad, CP, Zona_Geografica, ID_Cadena) VALUES (30, 'DIA LA PLAZA', 'Alameda de Capuchinos, 14', 'Málaga', '29014', 'Málaga', 2);
INSERT INTO Tienda (ID_Tienda, Nombre, Domicilio, Localidad, CP, Zona_Geografica, ID_Cadena) VALUES (31, 'DIA LA PLAZA', 'Avda Lope de Vega, 8', 'Málaga', '29190', 'Málaga', 2);
INSERT INTO Tienda (ID_Tienda, Nombre, Domicilio, Localidad, CP, Zona_Geografica, ID_Cadena) VALUES (32, 'DIA LA PLAZA', 'c/ Alcalde Jose Luis Estrada Segalerva, 3', 'Málaga', '29010', 'Málaga', 2);
INSERT INTO Tienda (ID_Tienda, Nombre, Domicilio, Localidad, CP, Zona_Geografica, ID_Cadena) VALUES (33, 'DIA LA PLAZA', 'c/ Arturo Reyes, 1', 'Málaga', '29011', 'Málaga', 2);
INSERT INTO Tienda (ID_Tienda, Nombre, Domicilio, Localidad, CP, Zona_Geografica, ID_Cadena) VALUES (34, 'DIA LA PLAZA', 'c/ Navarro Ledesma, s/n', 'Málaga', '29010', 'Málaga', 2);
INSERT INTO Tienda (ID_Tienda, Nombre, Domicilio, Localidad, CP, Zona_Geografica, ID_Cadena) VALUES (35, 'DIAMARKET', 'c/ Cristo de la Epidemia, 47', 'Málaga', '29013', 'Málaga', 2);
INSERT INTO Tienda (ID_Tienda, Nombre, Domicilio, Localidad, CP, Zona_Geografica, ID_Cadena) VALUES (36, 'DIAMAXI', 'Camino de los Almendrales, s/n', 'Málaga', '29013', 'Málaga', 2);
INSERT INTO Tienda (ID_Tienda, Nombre, Domicilio, Localidad, CP, Zona_Geografica, ID_Cadena) VALUES (37, 'ECI-HIPERCOR', 'Avda Andalucía, 4y6', 'Málaga', '29007', 'Málaga', 3);
INSERT INTO Tienda (ID_Tienda, Nombre, Domicilio, Localidad, CP, Zona_Geografica, ID_Cadena) VALUES (38, 'ECI-HIPERCOR', 'c/ Hamlet, 2', 'Málaga', '29006', 'Málaga', 3);
INSERT INTO Tienda (ID_Tienda, Nombre, Domicilio, Localidad, CP, Zona_Geografica, ID_Cadena) VALUES (39, 'ECI-SUPERCOR', 'Avda. de las Caballerizas c/v c/ de los Zahones, 29016', 'Málaga', '29016', 'Málaga', 3);
INSERT INTO Tienda (ID_Tienda, Nombre, Domicilio, Localidad, CP, Zona_Geografica, ID_Cadena) VALUES (40, 'ECI-SUPEROPEN', 'Avda Carlos Haya 77', 'Málaga', '29007', 'Málaga', 3);
INSERT INTO Tienda (ID_Tienda, Nombre, Domicilio, Localidad, CP, Zona_Geografica, ID_Cadena) VALUES (41, 'EL JAMON', 'Paseo Cerrado de Calderón, 14', 'Málaga', '29018', 'Málaga', 4);
INSERT INTO Tienda (ID_Tienda, Nombre, Domicilio, Localidad, CP, Zona_Geografica, ID_Cadena) VALUES (42, 'EROSKI', 'CC Larios Avd.de la Aurora s/n', 'Málaga', '29002', 'Málaga', 5);
INSERT INTO Tienda (ID_Tienda, Nombre, Domicilio, Localidad, CP, Zona_Geografica, ID_Cadena) VALUES (43, 'LIDL', 'Avda José Ortega y Gasset, 224', 'Málaga', '29006', 'Málaga', 6);
INSERT INTO Tienda (ID_Tienda, Nombre, Domicilio, Localidad, CP, Zona_Geografica, ID_Cadena) VALUES (44, 'LIDL', 'Avda Pascueros, 3', 'Málaga', '29014', 'Málaga', 6);
INSERT INTO Tienda (ID_Tienda, Nombre, Domicilio, Localidad, CP, Zona_Geografica, ID_Cadena) VALUES (45, 'LIDL', 'c/ Navarro Ledesma, s/n', 'Málaga', '29010', 'Málaga', 6);
INSERT INTO Tienda (ID_Tienda, Nombre, Domicilio, Localidad, CP, Zona_Geografica, ID_Cadena) VALUES (46, 'LIDL', 'Camino San Rafael, 63', 'Málaga', '29006', 'Málaga', 6);
INSERT INTO Tienda (ID_Tienda, Nombre, Domicilio, Localidad, CP, Zona_Geografica, ID_Cadena) VALUES (47, 'MAKRO', 'Avda Velázquez, 288', 'Málaga', '29004', 'Málaga', 7);
INSERT INTO Tienda (ID_Tienda, Nombre, Domicilio, Localidad, CP, Zona_Geografica, ID_Cadena) VALUES (48, 'MAS', 'c/ Alameda Colón, 12', 'Málaga', '29001', 'Málaga', 8);
INSERT INTO Tienda (ID_Tienda, Nombre, Domicilio, Localidad, CP, Zona_Geografica, ID_Cadena) VALUES (49, 'MAS', 'c/ Emilio Thuiller 112-114', 'Málaga', '29014', 'Málaga', 8);
INSERT INTO Tienda (ID_Tienda, Nombre, Domicilio, Localidad, CP, Zona_Geografica, ID_Cadena) VALUES (50, 'MAS CASH FRESH', 'Avda Jorge Luis Borges, 11 Edif. Don Juan', 'Málaga', '29010', 'Málaga', 8);
INSERT INTO Tienda (ID_Tienda, Nombre, Domicilio, Localidad, CP, Zona_Geografica, ID_Cadena) VALUES (51, 'MAS CASH FRESH', 'c/ Camino Suárez 31', 'Málaga', '29010', 'Málaga', 8);
INSERT INTO Tienda (ID_Tienda, Nombre, Domicilio, Localidad, CP, Zona_Geografica, ID_Cadena) VALUES (52, 'MAS CASH FRESH', 'c/ Joaquín Gaztambide s/n', 'Málaga', '29011', 'Málaga', 8);
INSERT INTO Tienda (ID_Tienda, Nombre, Domicilio, Localidad, CP, Zona_Geografica, ID_Cadena) VALUES (53, 'MAS&Go', 'Plaza del Teatro, 1', 'Málaga', '29008', 'Málaga', 8);
INSERT INTO Tienda (ID_Tienda, Nombre, Domicilio, Localidad, CP, Zona_Geografica, ID_Cadena) VALUES (54, 'MAS&Go', 'Plaza Victoria, 1', 'Málaga', '29012', 'Málaga', 8);
INSERT INTO Tienda (ID_Tienda, Nombre, Domicilio, Localidad, CP, Zona_Geografica, ID_Cadena) VALUES (55, 'MASCERKA', 'c/ Nuzas, 30 - El Atabal', 'Málaga', '29010', 'Málaga', 8);
INSERT INTO Tienda (ID_Tienda, Nombre, Domicilio, Localidad, CP, Zona_Geografica, ID_Cadena) VALUES (56, 'MASCERKA', 'c/ San Millán 13', 'Málaga', '29013', 'Málaga', 8);
INSERT INTO Tienda (ID_Tienda, Nombre, Domicilio, Localidad, CP, Zona_Geografica, ID_Cadena) VALUES (57, 'MASKOM', 'AV. VIRGEN DE LAS GUIAS, 48', 'Málaga', '29014', 'Málaga', 8);
INSERT INTO Tienda (ID_Tienda, Nombre, Domicilio, Localidad, CP, Zona_Geografica, ID_Cadena) VALUES (58, 'MASKOM', 'c/ Carraca 1', 'Málaga', '29011', 'Málaga', 8);
INSERT INTO Tienda (ID_Tienda, Nombre, Domicilio, Localidad, CP, Zona_Geografica, ID_Cadena) VALUES (59, 'MASKOM', 'c/ Cómpeta, 12, Cruz de Humilladero', 'Málaga', '29007', 'Málaga', 8);
INSERT INTO Tienda (ID_Tienda, Nombre, Domicilio, Localidad, CP, Zona_Geografica, ID_Cadena) VALUES (60, 'MASKOM', 'c/ Cristo de la Epidemia, 96', 'Málaga', '29013', 'Málaga', 8);
INSERT INTO Tienda (ID_Tienda, Nombre, Domicilio, Localidad, CP, Zona_Geografica, ID_Cadena) VALUES (61, 'MASKOM', 'c/ Gómez Pallete, 2-Mercado de la Merced', 'Málaga', '29012', 'Málaga', 8);
INSERT INTO Tienda (ID_Tienda, Nombre, Domicilio, Localidad, CP, Zona_Geografica, ID_Cadena) VALUES (62, 'MASKOM', 'c/ Horacio Lengo, 12', 'Málaga', '29006', 'Málaga', 8);
INSERT INTO Tienda (ID_Tienda, Nombre, Domicilio, Localidad, CP, Zona_Geografica, ID_Cadena) VALUES (63, 'MASKOM', 'c/ José Calderón, 216', 'Málaga', '29590', 'Málaga', 8);
INSERT INTO Tienda (ID_Tienda, Nombre, Domicilio, Localidad, CP, Zona_Geografica, ID_Cadena) VALUES (64, 'MASKOM', 'C/ JUAN ANTONIO TERCERO, 5', 'Málaga', '29010', 'Málaga', 8);
INSERT INTO Tienda (ID_Tienda, Nombre, Domicilio, Localidad, CP, Zona_Geografica, ID_Cadena) VALUES (65, 'MASKOM', 'c/ La Unión 71', 'Málaga', '29006', 'Málaga', 8);
INSERT INTO Tienda (ID_Tienda, Nombre, Domicilio, Localidad, CP, Zona_Geografica, ID_Cadena) VALUES (66, 'MASKOM', 'c/ Lope de Rueda, 61, Puerto de la Torre', 'Málaga', '29190', 'Málaga', 8);
INSERT INTO Tienda (ID_Tienda, Nombre, Domicilio, Localidad, CP, Zona_Geografica, ID_Cadena) VALUES (67, 'MASKOM', 'c/ San Bartolomé, 7-Esq.c/Duque de Rivas', 'Málaga', '29013', 'Málaga', 8);
INSERT INTO Tienda (ID_Tienda, Nombre, Domicilio, Localidad, CP, Zona_Geografica, ID_Cadena) VALUES (68, 'MASKOM', 'Plaza Basconia 1', 'Málaga', '29010', 'Málaga', 8);
INSERT INTO Tienda (ID_Tienda, Nombre, Domicilio, Localidad, CP, Zona_Geografica, ID_Cadena) VALUES (69, 'MERCADONA', 'Avda Arquitecto Luis Bono, 17, Puerto de la Torre', 'Málaga', '29190', 'Málaga', 9);
INSERT INTO Tienda (ID_Tienda, Nombre, Domicilio, Localidad, CP, Zona_Geografica, ID_Cadena) VALUES (70, 'MERCADONA', 'Avda del Dr. Marañón, 8, Palma-Palmilla', 'Málaga', '29009', 'Málaga', 9);
INSERT INTO Tienda (ID_Tienda, Nombre, Domicilio, Localidad, CP, Zona_Geografica, ID_Cadena) VALUES (71, 'MERCADONA', 'Avda Europa, S/N', 'Málaga', '29003', 'Málaga', 9);
INSERT INTO Tienda (ID_Tienda, Nombre, Domicilio, Localidad, CP, Zona_Geografica, ID_Cadena) VALUES (72, 'MERCADONA', 'Avda Imperio Argentina, 1, Cra de Cádiz', 'Málaga', '29004', 'Málaga', 9);
INSERT INTO Tienda (ID_Tienda, Nombre, Domicilio, Localidad, CP, Zona_Geografica, ID_Cadena) VALUES (73, 'MERCADONA', 'Avda José Ortega y Gasset, s/n, Cruz de Humilladero', 'Málaga', '29006', 'Málaga', 9);
INSERT INTO Tienda (ID_Tienda, Nombre, Domicilio, Localidad, CP, Zona_Geografica, ID_Cadena) VALUES (74, 'MERCADONA', 'Avda Juan Sebastian Elcano, 147', 'Málaga', '29016', 'Málaga', 9);
INSERT INTO Tienda (ID_Tienda, Nombre, Domicilio, Localidad, CP, Zona_Geografica, ID_Cadena) VALUES (75, 'MERCADONA', 'Avda Santa Rosa de Lima, 20', 'Málaga', '29007', 'Málaga', 9);
INSERT INTO Tienda (ID_Tienda, Nombre, Domicilio, Localidad, CP, Zona_Geografica, ID_Cadena) VALUES (76, 'MERCADONA', 'Avda Velazquez, 43', 'Málaga', '29002', 'Málaga', 9);
INSERT INTO Tienda (ID_Tienda, Nombre, Domicilio, Localidad, CP, Zona_Geografica, ID_Cadena) VALUES (77, 'MERCADONA', 'Bulevar Louis Pasteur, 15', 'Málaga', '29010', 'Málaga', 9);
INSERT INTO Tienda (ID_Tienda, Nombre, Domicilio, Localidad, CP, Zona_Geografica, ID_Cadena) VALUES (78, 'MERCADONA', 'c/ Albeniz, 35 - c/ Bocana', 'Málaga', '29014', 'Málaga', 9);
INSERT INTO Tienda (ID_Tienda, Nombre, Domicilio, Localidad, CP, Zona_Geografica, ID_Cadena) VALUES (79, 'MERCADONA', 'c/ Alfonso Ponde de León, 2', 'Málaga', '29004', 'Málaga', 9);
INSERT INTO Tienda (ID_Tienda, Nombre, Domicilio, Localidad, CP, Zona_Geografica, ID_Cadena) VALUES (80, 'MERCADONA', 'c/ Algarrobo, C. Potosí', 'Málaga', '29018', 'Málaga', 9);
INSERT INTO Tienda (ID_Tienda, Nombre, Domicilio, Localidad, CP, Zona_Geografica, ID_Cadena) VALUES (81, 'MERCADONA', 'c/ Eduardo Marquina, 10', 'Málaga', '29002', 'Málaga', 9);
INSERT INTO Tienda (ID_Tienda, Nombre, Domicilio, Localidad, CP, Zona_Geografica, ID_Cadena) VALUES (82, 'MERCADONA', 'c/ Emilio Thuiller, 2', 'Málaga', '29014', 'Málaga', 9);
INSERT INTO Tienda (ID_Tienda, Nombre, Domicilio, Localidad, CP, Zona_Geografica, ID_Cadena) VALUES (83, 'MERCADONA', 'c/ Explanada de la Estación, 1', 'Málaga', '29002', 'Málaga', 9);
INSERT INTO Tienda (ID_Tienda, Nombre, Domicilio, Localidad, CP, Zona_Geografica, ID_Cadena) VALUES (84, 'MERCADONA', 'c/ Gutemberg, 1', 'Málaga', '29014', 'Málaga', 9);
INSERT INTO Tienda (ID_Tienda, Nombre, Domicilio, Localidad, CP, Zona_Geografica, ID_Cadena) VALUES (85, 'MERCADONA', 'c/ Olmos, 43', 'Málaga', '29018', 'Málaga', 9);
INSERT INTO Tienda (ID_Tienda, Nombre, Domicilio, Localidad, CP, Zona_Geografica, ID_Cadena) VALUES (86, 'MERCADONA', 'c/ Píndaro, c/ Aristófanes, s/n', 'Málaga', '29010', 'Málaga', 9);
INSERT INTO Tienda (ID_Tienda, Nombre, Domicilio, Localidad, CP, Zona_Geografica, ID_Cadena) VALUES (87, 'MERCADONA', 'c/ Sarajevo-Finca Hacienda Segovia-Campanillas', 'Málaga', '29590', 'Málaga', 9);
INSERT INTO Tienda (ID_Tienda, Nombre, Domicilio, Localidad, CP, Zona_Geografica, ID_Cadena) VALUES (88, 'MERCADONA', 'Camino de Suarez, 22', 'Málaga', '29011', 'Málaga', 9);
INSERT INTO Tienda (ID_Tienda, Nombre, Domicilio, Localidad, CP, Zona_Geografica, ID_Cadena) VALUES (89, 'MERCADONA', 'Camino Viejo Casabermeja, 64', 'Málaga', '29011', 'Málaga', 9);
INSERT INTO Tienda (ID_Tienda, Nombre, Domicilio, Localidad, CP, Zona_Geografica, ID_Cadena) VALUES (90, 'SUMA TU SUPER', 'c/ Corregidor Francisco de Molina, 4', 'Málaga', '29006', 'Málaga', 10);
INSERT INTO Tienda (ID_Tienda, Nombre, Domicilio, Localidad, CP, Zona_Geografica, ID_Cadena) VALUES (91, 'CARREFOUR EXPRESS', 'Avda Manilva, 1', 'Manilva', '29692', 'Costa del Sol Occidental', 1);
INSERT INTO Tienda (ID_Tienda, Nombre, Domicilio, Localidad, CP, Zona_Geografica, ID_Cadena) VALUES (92, 'EL JAMON', 'Ctra Sabinillas - Manilva Km. 0,2', 'Manilva', '29692', 'Costa del Sol Occidental', 4);
INSERT INTO Tienda (ID_Tienda, Nombre, Domicilio, Localidad, CP, Zona_Geografica, ID_Cadena) VALUES (93, 'MERCADONA', 'c/ Bolivia, 18, San Luis de Sabinillas', 'Manilva', '29692', 'Costa del Sol Occidental', 9);
INSERT INTO Tienda (ID_Tienda, Nombre, Domicilio, Localidad, CP, Zona_Geografica, ID_Cadena) VALUES (94, 'CARREFOUR MARKET', 'Avda AGUAMARINA', 'Benalmádena', '29639', 'Costa del Sol Occidental', 1);
INSERT INTO Tienda (ID_Tienda, Nombre, Domicilio, Localidad, CP, Zona_Geografica, ID_Cadena) VALUES (95, 'CARREFOUR MARKET', 'Avda Antonio Machado 20', 'Benalmádena', '29631', 'Costa del Sol Occidental', 1);
INSERT INTO Tienda (ID_Tienda, Nombre, Domicilio, Localidad, CP, Zona_Geografica, ID_Cadena) VALUES (96, 'CARREFOUR MARKET', 'Avda Obispo Herrera Oria Esquina Avda Estación', 'Benalmádena', '29630', 'Costa del Sol Occidental', 1);
INSERT INTO Tienda (ID_Tienda, Nombre, Domicilio, Localidad, CP, Zona_Geografica, ID_Cadena) VALUES (97, 'CARREFOUR MARKET', 'Avda Salvador Vicente 3', 'Benalmádena', '29630', 'Costa del Sol Occidental', 1);
INSERT INTO Tienda (ID_Tienda, Nombre, Domicilio, Localidad, CP, Zona_Geografica, ID_Cadena) VALUES (98, 'CARREFOUR MARKET', 'CC El Higuerón,C.Comar Mijas', 'Benalmádena', '29630', 'Costa del Sol Occidental', 1);
INSERT INTO Tienda (ID_Tienda, Nombre, Domicilio, Localidad, CP, Zona_Geografica, ID_Cadena) VALUES (99, 'DIAMAXI', 'c/ Cortijo de Mena-parcela 3', 'Benalmádena', '29630', 'Costa del Sol Occidental', 2);
INSERT INTO Tienda (ID_Tienda, Nombre, Domicilio, Localidad, CP, Zona_Geografica, ID_Cadena) VALUES (100, 'ECI-SUPERCOR', 'Puerto Marina Shopping', 'Benalmádena', '29639', 'Costa del Sol Occidental', 3);
INSERT INTO Tienda (ID_Tienda, Nombre, Domicilio, Localidad, CP, Zona_Geografica, ID_Cadena) VALUES (101, 'ECI-SUPERCOR', 'Urb Torrequebrada - parcela C 4 centro', 'Benalmádena', '29630', 'Costa del Sol Occidental', 3);
INSERT INTO Tienda (ID_Tienda, Nombre, Domicilio, Localidad, CP, Zona_Geografica, ID_Cadena) VALUES (102, 'EL JAMON', 'Avda Inmaculada Concepción', 'Benalmádena', '29630', 'Costa del Sol Occidental', 4);
INSERT INTO Tienda (ID_Tienda, Nombre, Domicilio, Localidad, CP, Zona_Geografica, ID_Cadena) VALUES (103, 'LIDL', 'Avda del Cosmos, 2', 'Benalmádena', '29630', 'Costa del Sol Occidental', 6);
INSERT INTO Tienda (ID_Tienda, Nombre, Domicilio, Localidad, CP, Zona_Geografica, ID_Cadena) VALUES (104, 'LIDL', 'c/ Europa, 2', 'Benalmádena', '29630', 'Costa del Sol Occidental', 6);
INSERT INTO Tienda (ID_Tienda, Nombre, Domicilio, Localidad, CP, Zona_Geografica, ID_Cadena) VALUES (105, 'MAS', 'c/ San Silvestre s/n', 'Benalmádena', '29630', 'Costa del Sol Occidental', 8);
INSERT INTO Tienda (ID_Tienda, Nombre, Domicilio, Localidad, CP, Zona_Geografica, ID_Cadena) VALUES (106, 'MASKOM', 'Avda Juan Peralta, 49', 'Benalmádena', '29630', 'Costa del Sol Occidental', 8);
INSERT INTO Tienda (ID_Tienda, Nombre, Domicilio, Localidad, CP, Zona_Geografica, ID_Cadena) VALUES (107, 'MASKOM', 'C/ SIDRA, 21-27', 'Benalmádena', '29630', 'Costa del Sol Occidental', 8);
INSERT INTO Tienda (ID_Tienda, Nombre, Domicilio, Localidad, CP, Zona_Geografica, ID_Cadena) VALUES (108, 'MERCADONA', 'Avda Arroyo Hondo, 29 (Urb Veracruz)', 'Benalmádena', '29630', 'Costa del Sol Occidental', 9);
INSERT INTO Tienda (ID_Tienda, Nombre, Domicilio, Localidad, CP, Zona_Geografica, ID_Cadena) VALUES (109, 'MERCADONA', 'Avda de las Palmeras,33', 'Benalmádena', '29630', 'Costa del Sol Occidental', 9);
INSERT INTO Tienda (ID_Tienda, Nombre, Domicilio, Localidad, CP, Zona_Geografica, ID_Cadena) VALUES (110, 'MERCADONA', 'Avda Estrella del Mar 21', 'Benalmádena', '29630', 'Costa del Sol Occidental', 9);
INSERT INTO Tienda (ID_Tienda, Nombre, Domicilio, Localidad, CP, Zona_Geografica, ID_Cadena) VALUES (111, 'MERCADONA', 'c/ Federico García Lorca, 3', 'Benalmádena', '29630', 'Costa del Sol Occidental', 9);
INSERT INTO Tienda (ID_Tienda, Nombre, Domicilio, Localidad, CP, Zona_Geografica, ID_Cadena) VALUES (112, 'MERCADONA', 'c/ Paloma, 1-Avda Salvador Vicente Maravillas', 'Benalmádena', '29630', 'Costa del Sol Occidental', 9);
INSERT INTO Tienda (ID_Tienda, Nombre, Domicilio, Localidad, CP, Zona_Geografica, ID_Cadena) VALUES (113, 'DIA', 'Avda Andalucia, 35', 'Algarrobo', '29750', 'Axarquía', 2);
INSERT INTO Tienda (ID_Tienda, Nombre, Domicilio, Localidad, CP, Zona_Geografica, ID_Cadena) VALUES (114, 'LIDL', 'Ctra MA-103 Avda Las Pancha, 50', 'Algarrobo', '29750', 'Axarquía', 6);
INSERT INTO Tienda (ID_Tienda, Nombre, Domicilio, Localidad, CP, Zona_Geografica, ID_Cadena) VALUES (115, 'MERCADONA', 'Ctra A-7206, Sector AU-L.9 (C/ Balate)', 'Algarrobo', '29750', 'Axarquía', 9);
INSERT INTO Tienda (ID_Tienda, Nombre, Domicilio, Localidad, CP, Zona_Geografica, ID_Cadena) VALUES (116, 'MERCADONA', 'c/ Jacaranda, s/n', 'Chilches', '29790', 'Axarquía', 9);
INSERT INTO Tienda (ID_Tienda, Nombre, Domicilio, Localidad, CP, Zona_Geografica, ID_Cadena) VALUES (117, 'CARREFOUR SUPECO', 'c/ Heroe de Sostoa nº 188 esq. Avenida de la Paloma nº 36', 'Málaga', '29003', 'Málaga', 1);
INSERT INTO Tienda (ID_Tienda, Nombre, Domicilio, Localidad, CP, Zona_Geografica, ID_Cadena) VALUES (118, 'CARREFOUR MARKET', 'c/ Antonio Ferrandis Chanquete, s/n', 'Nerja', '29780', 'Axarquía', 1);
INSERT INTO Tienda (ID_Tienda, Nombre, Domicilio, Localidad, CP, Zona_Geografica, ID_Cadena) VALUES (119, 'CARREFOUR MARKET', 'CN-340 Málaga-Almería PK 292-Urb ElCapistrano', 'Nerja', '29780', 'Axarquía', 1);
INSERT INTO Tienda (ID_Tienda, Nombre, Domicilio, Localidad, CP, Zona_Geografica, ID_Cadena) VALUES (120, 'LIDL', 'Avda Alcalde Antonio Villasclaras Rosas, 3', 'Nerja', '29780', 'Axarquía', 6);
INSERT INTO Tienda (ID_Tienda, Nombre, Domicilio, Localidad, CP, Zona_Geografica, ID_Cadena) VALUES (121, 'MAS', 'c/ Antonio Ferrándiz (Chanquete)', 'Nerja', '29780', 'Axarquía', 8);
INSERT INTO Tienda (ID_Tienda, Nombre, Domicilio, Localidad, CP, Zona_Geografica, ID_Cadena) VALUES (122, 'MERCADONA', 'c/ San Miguel - Pasaje San Miguel', 'Nerja', '29780', 'Axarquía', 9);
INSERT INTO Tienda (ID_Tienda, Nombre, Domicilio, Localidad, CP, Zona_Geografica, ID_Cadena) VALUES (123, 'MERCADONA', 'CN-340-C/ Sierra Mar-C/ Cartama', 'Nerja', '29780', 'Axarquía', 9);
INSERT INTO Tienda (ID_Tienda, Nombre, Domicilio, Localidad, CP, Zona_Geografica, ID_Cadena) VALUES (124, 'CARREFOUR EXPRESS', 'c/ Ronda, s/n', 'Rincón de la Victoria', '29730', 'Axarquía', 1);
INSERT INTO Tienda (ID_Tienda, Nombre, Domicilio, Localidad, CP, Zona_Geografica, ID_Cadena) VALUES (125, 'CARREFOUR HIPER', 'c/ Arroyo de Totalan, nº 36 - CC LA VICTORIA', 'Rincón de la Victoria', '29730', 'Axarquía', 1);
INSERT INTO Tienda (ID_Tienda, Nombre, Domicilio, Localidad, CP, Zona_Geografica, ID_Cadena) VALUES (126, 'CARREFOUR MARKET', 'Plaza Don Antonio Estrada, s/n - La Cala del Moral', 'Rincón de la Victoria', '29730', 'Axarquía', 1);
INSERT INTO Tienda (ID_Tienda, Nombre, Domicilio, Localidad, CP, Zona_Geografica, ID_Cadena) VALUES (127, 'CARREFOUR SUPECO', 'Ctra de Benagalbon, s/n', 'Rincón de la Victoria', '29730', 'Axarquía', 1);
INSERT INTO Tienda (ID_Tienda, Nombre, Domicilio, Localidad, CP, Zona_Geografica, ID_Cadena) VALUES (128, 'DIA', 'c/ Poeta Manuel alcántara, 1', 'Rincón de la Victoria', '29730', 'Axarquía', 2);
INSERT INTO Tienda (ID_Tienda, Nombre, Domicilio, Localidad, CP, Zona_Geografica, ID_Cadena) VALUES (129, 'DIAMAXI', 'Ctra Benagalbón, s/n', 'Rincón de la Victoria', '29730', 'Axarquía', 2);
INSERT INTO Tienda (ID_Tienda, Nombre, Domicilio, Localidad, CP, Zona_Geografica, ID_Cadena) VALUES (130, 'LIDL', 'c/ Verdial, 41', 'Rincón de la Victoria', '29730', 'Axarquía', 6);
INSERT INTO Tienda (ID_Tienda, Nombre, Domicilio, Localidad, CP, Zona_Geografica, ID_Cadena) VALUES (131, 'MERCADONA', 'Avda Mediterráneo - Urb Los Olivos', 'Rincón de la Victoria', '29730', 'Axarquía', 9);
INSERT INTO Tienda (ID_Tienda, Nombre, Domicilio, Localidad, CP, Zona_Geografica, ID_Cadena) VALUES (132, 'MERCADONA', 'c/ Pepa Flores González-Torre Benagalbón', 'Rincón de la Victoria', '29730', 'Axarquía', 9);
INSERT INTO Tienda (ID_Tienda, Nombre, Domicilio, Localidad, CP, Zona_Geografica, ID_Cadena) VALUES (133, 'MERCADONA', 'Plaza Costa del Sol s/n - Urb Cotomar', 'Rincón de la Victoria', '29730', 'Axarquía', 9);
INSERT INTO Tienda (ID_Tienda, Nombre, Domicilio, Localidad, CP, Zona_Geografica, ID_Cadena) VALUES (134, 'CARREFOUR EXPRESS', 'c/ Dr. Fleming, 26', 'Torre del Mar', '29740', 'Axarquía', 1);
INSERT INTO Tienda (ID_Tienda, Nombre, Domicilio, Localidad, CP, Zona_Geografica, ID_Cadena) VALUES (135, 'CARREFOUR EXPRESS', 'c/ Princesa, 6, Edif. Boulevard', 'Torre del Mar', '29740', 'Axarquía', 1);
INSERT INTO Tienda (ID_Tienda, Nombre, Domicilio, Localidad, CP, Zona_Geografica, ID_Cadena) VALUES (136, 'CARREFOUR SUPECO', 'Ctra Malaga-Almeria, Finca La Bateria Nº53', 'Torre del Mar', '29740', 'Axarquía', 1);
INSERT INTO Tienda (ID_Tienda, Nombre, Domicilio, Localidad, CP, Zona_Geografica, ID_Cadena) VALUES (137, 'DIA LA PLAZA', 'c/ del Rio Esq.Antonio Machado', 'Torre del Mar', '29740', 'Axarquía', 2);
INSERT INTO Tienda (ID_Tienda, Nombre, Domicilio, Localidad, CP, Zona_Geografica, ID_Cadena) VALUES (138, 'DIAMARKET', 'c/ Doctor Fleming, 77', 'Torre del Mar', '29740', 'Axarquía', 2);
INSERT INTO Tienda (ID_Tienda, Nombre, Domicilio, Localidad, CP, Zona_Geografica, ID_Cadena) VALUES (139, 'EROSKI', 'CC El Ingenio Avda Juan  Carlos I s/n', 'Torre del Mar', '29740', 'Axarquía', 5);
INSERT INTO Tienda (ID_Tienda, Nombre, Domicilio, Localidad, CP, Zona_Geografica, ID_Cadena) VALUES (140, 'MASKOM', 'C/ PINTOR CIPRIANO MALDONADO, 17', 'Torre del Mar', '29740', 'Axarquía', 8);
INSERT INTO Tienda (ID_Tienda, Nombre, Domicilio, Localidad, CP, Zona_Geografica, ID_Cadena) VALUES (141, 'MERCADONA', 'c/ Mar Tirreno, s/n', 'Torre del Mar', '29740', 'Axarquía', 9);
INSERT INTO Tienda (ID_Tienda, Nombre, Domicilio, Localidad, CP, Zona_Geografica, ID_Cadena) VALUES (142, 'MERCADONA', 'Ctra Torre del Mar-Velez  Málaga, PK 0,4-Ruta Los Galves s/n -
Ruta Los Carboneros s/n', 'Torre del Mar', '29740', 'Axarquía', 9);
INSERT INTO Tienda (ID_Tienda, Nombre, Domicilio, Localidad, CP, Zona_Geografica, ID_Cadena) VALUES (143, 'DIA LA PLAZA', 'Urb Charca-C/Urano s/n', 'Torrox', '29793', 'Axarquía', 2);
INSERT INTO Tienda (ID_Tienda, Nombre, Domicilio, Localidad, CP, Zona_Geografica, ID_Cadena) VALUES (144, 'EL JAMON', 'Ctra Málaga-Almería PK 283 Avda de Andalucía, 56', 'Torrox', '29793', 'Axarquía', 4);
INSERT INTO Tienda (ID_Tienda, Nombre, Domicilio, Localidad, CP, Zona_Geografica, ID_Cadena) VALUES (145, 'LIDL', 'Ctra Torrox Pueblo, s/n', 'Torrox', '29793', 'Axarquía', 6);
INSERT INTO Tienda (ID_Tienda, Nombre, Domicilio, Localidad, CP, Zona_Geografica, ID_Cadena) VALUES (146, 'MERCADONA', 'CN-340- Avda Andalucía-Urbanización Paraiso Sol, 92', 'Torrox', '29793', 'Axarquía', 9);
INSERT INTO Tienda (ID_Tienda, Nombre, Domicilio, Localidad, CP, Zona_Geografica, ID_Cadena) VALUES (147, 'CARREFOUR EXPRESS', 'c/  Camino Viejo de Málaga', 'Vélez-Málaga', '29700', 'Axarquía', 1);
INSERT INTO Tienda (ID_Tienda, Nombre, Domicilio, Localidad, CP, Zona_Geografica, ID_Cadena) VALUES (148, 'DIAMAXI', 'Avda Juan Carlos I, s/n', 'Vélez-Málaga', '29700', 'Axarquía', 2);
INSERT INTO Tienda (ID_Tienda, Nombre, Domicilio, Localidad, CP, Zona_Geografica, ID_Cadena) VALUES (149, 'DIAMAXI', 'Avda Molino de Velasco, 12', 'Vélez-Málaga', '29700', 'Axarquía', 2);
INSERT INTO Tienda (ID_Tienda, Nombre, Domicilio, Localidad, CP, Zona_Geografica, ID_Cadena) VALUES (150, 'LIDL', 'Avda Juan Carlos I, 14', 'Vélez-Málaga', '29700', 'Axarquía', 6);
INSERT INTO Tienda (ID_Tienda, Nombre, Domicilio, Localidad, CP, Zona_Geografica, ID_Cadena) VALUES (151, 'MASKOM', 'C/CAMINO VIEJO DE MALAGA', 'Vélez-Málaga', '29700', 'Axarquía', 8);
INSERT INTO Tienda (ID_Tienda, Nombre, Domicilio, Localidad, CP, Zona_Geografica, ID_Cadena) VALUES (152, 'MERCADONA', 'c/ Alcalde Juan Barranquero, 1 - c/ Del Río, 38', 'Vélez-Málaga', '29700', 'Axarquía', 9);
INSERT INTO Tienda (ID_Tienda, Nombre, Domicilio, Localidad, CP, Zona_Geografica, ID_Cadena) VALUES (153, 'MERCADONA', 'Camino de Malaga, 33-37 -C/ Arroyo Hondo, 21-23- C/ del Cristo, 36.', 'Vélez-Málaga', '29700', 'Axarquía', 9);
INSERT INTO Tienda (ID_Tienda, Nombre, Domicilio, Localidad, CP, Zona_Geografica, ID_Cadena) VALUES (154, 'CARREFOUR SUPECO', 'Avda Reyes Católicos, Esq. Juan Carlos I', 'Alhaurín de la Torre', '29130', 'Guadalhorce', 1);
INSERT INTO Tienda (ID_Tienda, Nombre, Domicilio, Localidad, CP, Zona_Geografica, ID_Cadena) VALUES (155, 'CARREFOUR SUPECO', 'Urb La Capellanía, Manzana 9', 'Alhaurín de la Torre', '29130', 'Guadalhorce', 1);
INSERT INTO Tienda (ID_Tienda, Nombre, Domicilio, Localidad, CP, Zona_Geografica, ID_Cadena) VALUES (156, 'DIAMAXI', 'c/ Hacienda San Francisco 28', 'Alhaurín de la Torre', '29130', 'Guadalhorce', 2);
INSERT INTO Tienda (ID_Tienda, Nombre, Domicilio, Localidad, CP, Zona_Geografica, ID_Cadena) VALUES (157, 'LIDL', 'Avda Ceuta s/n-Rotonda El Encuentro', 'Alhaurín de la Torre', '29130', 'Guadalhorce', 6);
INSERT INTO Tienda (ID_Tienda, Nombre, Domicilio, Localidad, CP, Zona_Geografica, ID_Cadena) VALUES (158, 'MERCADONA', 'Avda de los Cortijos s/n', 'Alhaurín de la Torre', '29130', 'Guadalhorce', 9);
INSERT INTO Tienda (ID_Tienda, Nombre, Domicilio, Localidad, CP, Zona_Geografica, ID_Cadena) VALUES (159, 'MERCADONA', 'C/ DE LOS REGISTRADORES, S/N', 'Alhaurín de la Torre', '29120', 'Guadalhorce', 9);
INSERT INTO Tienda (ID_Tienda, Nombre, Domicilio, Localidad, CP, Zona_Geografica, ID_Cadena) VALUES (160, 'MERCADONA', 'Crta. Cartama, s/n - Huerta de los Patos, s/n', 'Alhaurín el Grande', '29120', 'Guadalhorce', 9);
INSERT INTO Tienda (ID_Tienda, Nombre, Domicilio, Localidad, CP, Zona_Geografica, ID_Cadena) VALUES (161, 'SUMA TU SUPER', 'c/ Gerald Brenan, 72', 'Alhaurín el Grande', '29120', 'Guadalhorce', 10);
INSERT INTO Tienda (ID_Tienda, Nombre, Domicilio, Localidad, CP, Zona_Geografica, ID_Cadena) VALUES (162, 'SUMA TU SUPER', 'c/ Virgen del Rosario, 1', 'Alhaurín el Grande', '29120', 'Guadalhorce', 10);
INSERT INTO Tienda (ID_Tienda, Nombre, Domicilio, Localidad, CP, Zona_Geografica, ID_Cadena) VALUES (163, 'MERCADONA', 'c/ Albahaca, s/n', 'Álora', '29500', 'Guadalhorce', 9);
INSERT INTO Tienda (ID_Tienda, Nombre, Domicilio, Localidad, CP, Zona_Geografica, ID_Cadena) VALUES (164, 'DIA FRANQUICIA', 'PIaza La Pasadilla-Nave 1', 'Alozaina', '29567', 'Sierra de las Nieves', 2);
INSERT INTO Tienda (ID_Tienda, Nombre, Domicilio, Localidad, CP, Zona_Geografica, ID_Cadena) VALUES (165, 'DIA FRANQUICIA', 'c/ San Benito, s/n-Prolongación', 'Campillos', '29320', 'Antequera', 2);
INSERT INTO Tienda (ID_Tienda, Nombre, Domicilio, Localidad, CP, Zona_Geografica, ID_Cadena) VALUES (166, 'MASCERKA', 'Avda Sta María del Reposo 17', 'Campillos', '29320', 'Antequera', 8);
INSERT INTO Tienda (ID_Tienda, Nombre, Domicilio, Localidad, CP, Zona_Geografica, ID_Cadena) VALUES (167, 'MERCADONA', 'Avda Constitución - C/ Gerardo Fernández Delgado - C/ Tirso de Molina', 'Campillos', '29320', 'Antequera', 9);
INSERT INTO Tienda (ID_Tienda, Nombre, Domicilio, Localidad, CP, Zona_Geografica, ID_Cadena) VALUES (168, 'LIDL', 'Ctra MA-421, PI El Cerro de Cártama', 'Cártama Estación', '29570', 'Guadalhorce', 6);
INSERT INTO Tienda (ID_Tienda, Nombre, Domicilio, Localidad, CP, Zona_Geografica, ID_Cadena) VALUES (169, 'MERCADONA', 'c/ Alemania s/n - c/ Grecia s/n', 'Cártama Estación', '29580', 'Guadalhorce', 9);
INSERT INTO Tienda (ID_Tienda, Nombre, Domicilio, Localidad, CP, Zona_Geografica, ID_Cadena) VALUES (170, 'MASKOM', 'c/ Gonzalez Marín 126
Cártama Pueblo', 'Cártama Pueblo', '29570', 'Guadalhorce', 8);
INSERT INTO Tienda (ID_Tienda, Nombre, Domicilio, Localidad, CP, Zona_Geografica, ID_Cadena) VALUES (171, 'EL JAMON', 'Ctra de Coin, 75', 'Churriana', '29140', 'Málaga', 4);
INSERT INTO Tienda (ID_Tienda, Nombre, Domicilio, Localidad, CP, Zona_Geografica, ID_Cadena) VALUES (172, 'LIDL', 'Ctra Coín 47. P.I. El Alamo', 'Churriana', '29140', 'Málaga', 6);
INSERT INTO Tienda (ID_Tienda, Nombre, Domicilio, Localidad, CP, Zona_Geografica, ID_Cadena) VALUES (173, 'MASKOM', 'Avda San Javier, 3', 'Churriana', '29140', 'Málaga', 8);
INSERT INTO Tienda (ID_Tienda, Nombre, Domicilio, Localidad, CP, Zona_Geografica, ID_Cadena) VALUES (174, 'MASKOM', 'c/ Escritora Carmen Bravo Villasante, 15', 'Churriana', '29140', 'Málaga', 8);
INSERT INTO Tienda (ID_Tienda, Nombre, Domicilio, Localidad, CP, Zona_Geografica, ID_Cadena) VALUES (175, 'MASKOM', 'CARRETERA DE COIN, 77', 'Churriana', '29140', 'Málaga', 8);
INSERT INTO Tienda (ID_Tienda, Nombre, Domicilio, Localidad, CP, Zona_Geografica, ID_Cadena) VALUES (176, 'MERCADONA', 'c/ Doctor Ramos Acosta, 104', 'Churriana', '29140', 'Málaga', 9);
INSERT INTO Tienda (ID_Tienda, Nombre, Domicilio, Localidad, CP, Zona_Geografica, ID_Cadena) VALUES (177, 'CARREFOUR HIPER FRANQUICIA', 'Ctra Coín-Cártama PK 1', 'Coín', '29100', 'Guadalhorce', 1);
INSERT INTO Tienda (ID_Tienda, Nombre, Domicilio, Localidad, CP, Zona_Geografica, ID_Cadena) VALUES (178, 'DIA LA PLAZA', 'c/ Santa Teresa s/n', 'Coín', '29100', 'Guadalhorce', 2);
INSERT INTO Tienda (ID_Tienda, Nombre, Domicilio, Localidad, CP, Zona_Geografica, ID_Cadena) VALUES (179, 'DIAMAXI', 'Avda Reina Sofía, s/n', 'Coín', '29100', 'Guadalhorce', 2);
INSERT INTO Tienda (ID_Tienda, Nombre, Domicilio, Localidad, CP, Zona_Geografica, ID_Cadena) VALUES (180, 'LIDL', 'Avda Reina Sofía, 50', 'Coín', '29100', 'Guadalhorce', 6);
INSERT INTO Tienda (ID_Tienda, Nombre, Domicilio, Localidad, CP, Zona_Geografica, ID_Cadena) VALUES (181, 'MASKOM', 'c/ Doctor Marañón s/n', 'Coín', '29100', 'Guadalhorce', 8);
INSERT INTO Tienda (ID_Tienda, Nombre, Domicilio, Localidad, CP, Zona_Geografica, ID_Cadena) VALUES (182, 'MERCADONA', 'Avda Reina Sofía, s/n', 'Coín', '29100', 'Guadalhorce', 9);
INSERT INTO Tienda (ID_Tienda, Nombre, Domicilio, Localidad, CP, Zona_Geografica, ID_Cadena) VALUES (183, 'CARREFOUR EXPRESS', 'Avda Carlos Haya, 60', 'Málaga', '29007', 'Málaga', 1);
INSERT INTO Tienda (ID_Tienda, Nombre, Domicilio, Localidad, CP, Zona_Geografica, ID_Cadena) VALUES (184, 'CARREFOUR EXPRESS', 'c/ Martinez Maldonado, 68', 'Málaga', '29007', 'Málaga', 1);
INSERT INTO Tienda (ID_Tienda, Nombre, Domicilio, Localidad, CP, Zona_Geografica, ID_Cadena) VALUES (185, 'DIA LA PLAZA', 'Avda Moliere, 18', 'Málaga', '29004', 'Málaga', 2);
INSERT INTO Tienda (ID_Tienda, Nombre, Domicilio, Localidad, CP, Zona_Geografica, ID_Cadena) VALUES (186, 'DIA LA PLAZA', 'c/ Martinez Maldonado, 53', 'Málaga', '29007', 'Málaga', 2);
INSERT INTO Tienda (ID_Tienda, Nombre, Domicilio, Localidad, CP, Zona_Geografica, ID_Cadena) VALUES (187, 'LIDL', 'c/ Armengual de la Mota, 20', 'Málaga', '29007', 'Málaga', 6);
INSERT INTO Tienda (ID_Tienda, Nombre, Domicilio, Localidad, CP, Zona_Geografica, ID_Cadena) VALUES (188, 'MAS', 'c/ Martínez Maldonado, 71', 'Málaga', '29007', 'Málaga', 8);
INSERT INTO Tienda (ID_Tienda, Nombre, Domicilio, Localidad, CP, Zona_Geografica, ID_Cadena) VALUES (189, 'MASKOM', 'c/ Pedro Gómez Chaix, 5, Cruz de Humilladero', 'Málaga', '29007', 'Málaga', 8);
INSERT INTO Tienda (ID_Tienda, Nombre, Domicilio, Localidad, CP, Zona_Geografica, ID_Cadena) VALUES (190, 'MERCADONA', 'c/ Martinez Maldonado, 6', 'Málaga', '29007', 'Málaga', 9);
INSERT INTO Tienda (ID_Tienda, Nombre, Domicilio, Localidad, CP, Zona_Geografica, ID_Cadena) VALUES (191, 'MAS', 'Plaza de la Estación, 1', 'Pizarra', '29560', 'Guadalhorce', 8);
INSERT INTO Tienda (ID_Tienda, Nombre, Domicilio, Localidad, CP, Zona_Geografica, ID_Cadena) VALUES (192, 'MASKOM', 'c/ Ingen. Pablo Esteban, 39-43', 'Pizarra', '29560', 'Guadalhorce', 8);
INSERT INTO Tienda (ID_Tienda, Nombre, Domicilio, Localidad, CP, Zona_Geografica, ID_Cadena) VALUES (193, 'CARREFOUR SUPECO', 'PI El Fuerte, C/ Genal', 'Ronda', '29400', 'Serranía de Ronda', 1);
INSERT INTO Tienda (ID_Tienda, Nombre, Domicilio, Localidad, CP, Zona_Geografica, ID_Cadena) VALUES (194, 'DIAMARKET', 'c/ Cruz Verde 16', 'Ronda', '29400', 'Serranía de Ronda', 2);
INSERT INTO Tienda (ID_Tienda, Nombre, Domicilio, Localidad, CP, Zona_Geografica, ID_Cadena) VALUES (195, 'DIAMAXI', 'Avda de la Serranía, s/n', 'Ronda', '29400', 'Serranía de Ronda', 2);
INSERT INTO Tienda (ID_Tienda, Nombre, Domicilio, Localidad, CP, Zona_Geografica, ID_Cadena) VALUES (196, 'DIAMAXI', 'c/ Guadalhorce  S/N', 'Ronda', '29400', 'Serranía de Ronda', 2);
INSERT INTO Tienda (ID_Tienda, Nombre, Domicilio, Localidad, CP, Zona_Geografica, ID_Cadena) VALUES (197, 'LIDL', 'c/ Andrés Aguilar Gracián, s/n', 'Ronda', '29400', 'Serranía de Ronda', 6);
INSERT INTO Tienda (ID_Tienda, Nombre, Domicilio, Localidad, CP, Zona_Geografica, ID_Cadena) VALUES (198, 'MASKOM', 'c/ Molinos, 36', 'Ronda', '29400', 'Serranía de Ronda', 8);
INSERT INTO Tienda (ID_Tienda, Nombre, Domicilio, Localidad, CP, Zona_Geografica, ID_Cadena) VALUES (199, 'MASKOM', 'c/ Tabares 8', 'Ronda', '29400', 'Serranía de Ronda', 8);
INSERT INTO Tienda (ID_Tienda, Nombre, Domicilio, Localidad, CP, Zona_Geografica, ID_Cadena) VALUES (200, 'MERCADONA', 'c/ Buleria s/n - c/ Andres Aguilar Gracian', 'Ronda', '29400', 'Serranía de Ronda', 9);
INSERT INTO Tienda (ID_Tienda, Nombre, Domicilio, Localidad, CP, Zona_Geografica, ID_Cadena) VALUES (201, 'MERCADONA', 'c/ Guadalquivir s/n', 'Ronda', '29400', 'Serranía de Ronda', 9);
INSERT INTO Tienda (ID_Tienda, Nombre, Domicilio, Localidad, CP, Zona_Geografica, ID_Cadena) VALUES (202, 'CARREFOUR HIPER', 'Parque Miramar. Av. Encarnación S/N', 'Fuengirola', '29640', 'Costa del Sol Occidental', 1);
INSERT INTO Tienda (ID_Tienda, Nombre, Domicilio, Localidad, CP, Zona_Geografica, ID_Cadena) VALUES (203, 'DIA', 'c/ Huelva, 1 esq. Camino Coin, 18', 'Fuengirola', '29640', 'Costa del Sol Occidental', 2);
INSERT INTO Tienda (ID_Tienda, Nombre, Domicilio, Localidad, CP, Zona_Geografica, ID_Cadena) VALUES (204, 'DIA', 'c/ Uruguay esq. Brasil, s/n', 'Fuengirola', '29640', 'Costa del Sol Occidental', 2);
INSERT INTO Tienda (ID_Tienda, Nombre, Domicilio, Localidad, CP, Zona_Geografica, ID_Cadena) VALUES (205, 'DIA', 'Ps Jesus Santos Rein esq. Maestra Angeles Azpiazu', 'Fuengirola', '29640', 'Costa del Sol Occidental', 2);
INSERT INTO Tienda (ID_Tienda, Nombre, Domicilio, Localidad, CP, Zona_Geografica, ID_Cadena) VALUES (206, 'DIA LA PLAZA', 'Avda Acapulco, 9', 'Fuengirola', '29640', 'Costa del Sol Occidental', 2);
INSERT INTO Tienda (ID_Tienda, Nombre, Domicilio, Localidad, CP, Zona_Geografica, ID_Cadena) VALUES (207, 'ECI-SUPEROPEN', 'Avda N2 Padre Jesus Cautivo, 33 (Jesus Santos Rein n933)', 'Fuengirola', '29640', 'Costa del Sol Occidental', 3);
INSERT INTO Tienda (ID_Tienda, Nombre, Domicilio, Localidad, CP, Zona_Geografica, ID_Cadena) VALUES (208, 'EL JAMON', 'Avda de los Boliches,94-96', 'Fuengirola', '29640', 'Costa del Sol Occidental', 4);
INSERT INTO Tienda (ID_Tienda, Nombre, Domicilio, Localidad, CP, Zona_Geografica, ID_Cadena) VALUES (209, 'EL JAMON', 'c/ Doctor Gálvez Ginachero, esq. c/ Asturias', 'Fuengirola', '29640', 'Costa del Sol Occidental', 4);
INSERT INTO Tienda (ID_Tienda, Nombre, Domicilio, Localidad, CP, Zona_Geografica, ID_Cadena) VALUES (210, 'EL JAMON', 'c/ Gimena, esq. Pasaje del Sol (parte peatonal)', 'Fuengirola', '29640', 'Costa del Sol Occidental', 4);
INSERT INTO Tienda (ID_Tienda, Nombre, Domicilio, Localidad, CP, Zona_Geografica, ID_Cadena) VALUES (211, 'EL JAMON', 'c/ Nuñez de Balboa, esq. c/Goya', 'Fuengirola', '29640', 'Costa del Sol Occidental', 4);
INSERT INTO Tienda (ID_Tienda, Nombre, Domicilio, Localidad, CP, Zona_Geografica, ID_Cadena) VALUES (212, 'EL JAMON', 'c/ Romería del Rocío, esq. c/Fiesta de la Crema,', 'Fuengirola', '29640', 'Costa del Sol Occidental', 4);
INSERT INTO Tienda (ID_Tienda, Nombre, Domicilio, Localidad, CP, Zona_Geografica, ID_Cadena) VALUES (213, 'EL JAMON', 'c/ Uruguay, esq. c/Ricardo León', 'Fuengirola', '29640', 'Costa del Sol Occidental', 4);
INSERT INTO Tienda (ID_Tienda, Nombre, Domicilio, Localidad, CP, Zona_Geografica, ID_Cadena) VALUES (214, 'EL JAMON', 'Camino de la Cantera, Los Pacos', 'Fuengirola', '29640', 'Costa del Sol Occidental', 4);
INSERT INTO Tienda (ID_Tienda, Nombre, Domicilio, Localidad, CP, Zona_Geografica, ID_Cadena) VALUES (215, 'EL JAMON', 'Camino de Santiago, esq. C/Rioja', 'Fuengirola', '29640', 'Costa del Sol Occidental', 4);
INSERT INTO Tienda (ID_Tienda, Nombre, Domicilio, Localidad, CP, Zona_Geografica, ID_Cadena) VALUES (216, 'LIDL', 'c/ Calerita', 'Fuengirola', '29640', 'Costa del Sol Occidental', 6);
INSERT INTO Tienda (ID_Tienda, Nombre, Domicilio, Localidad, CP, Zona_Geografica, ID_Cadena) VALUES (217, 'MAS CASH FRESH', 'Crta MIJAS, 28', 'Fuengirola', '29640', 'Costa del Sol Occidental', 8);
INSERT INTO Tienda (ID_Tienda, Nombre, Domicilio, Localidad, CP, Zona_Geografica, ID_Cadena) VALUES (218, 'MASKOM', 'AV. CONDES SAN ISIDRO S/N', 'Fuengirola', '29640', 'Costa del Sol Occidental', 8);
INSERT INTO Tienda (ID_Tienda, Nombre, Domicilio, Localidad, CP, Zona_Geografica, ID_Cadena) VALUES (219, 'MASKOM', 'Avda Santa Amalia, s/n', 'Fuengirola', '29640', 'Costa del Sol Occidental', 8);
INSERT INTO Tienda (ID_Tienda, Nombre, Domicilio, Localidad, CP, Zona_Geografica, ID_Cadena) VALUES (220, 'MASKOM', 'C/ PALANGREROS, 5', 'Fuengirola', '29640', 'Costa del Sol Occidental', 8);
INSERT INTO Tienda (ID_Tienda, Nombre, Domicilio, Localidad, CP, Zona_Geografica, ID_Cadena) VALUES (221, 'MERCADONA', 'Avda Ramón y Cajal, s/n (Los Boliches)', 'Fuengirola', '29640', 'Costa del Sol Occidental', 9);
INSERT INTO Tienda (ID_Tienda, Nombre, Domicilio, Localidad, CP, Zona_Geografica, ID_Cadena) VALUES (222, 'MERCADONA', 'c/ Córdoba, 35', 'Fuengirola', '29640', 'Costa del Sol Occidental', 9);
INSERT INTO Tienda (ID_Tienda, Nombre, Domicilio, Localidad, CP, Zona_Geografica, ID_Cadena) VALUES (223, 'MERCADONA', 'c/ Francisco Rivera Paquirri, 21', 'Fuengirola', '29640', 'Costa del Sol Occidental', 9);
INSERT INTO Tienda (ID_Tienda, Nombre, Domicilio, Localidad, CP, Zona_Geografica, ID_Cadena) VALUES (224, 'MERCADONA', 'c/ Mahón, s/n', 'Fuengirola', '29640', 'Costa del Sol Occidental', 9);
INSERT INTO Tienda (ID_Tienda, Nombre, Domicilio, Localidad, CP, Zona_Geografica, ID_Cadena) VALUES (225, 'CARREFOUR HIPER FRANQUICIA', 'Avda MARENOSTRUM S/N LA CALA DE MIJAS', 'La Cala de Mijas', '29649', 'Costa del Sol Occidental', 1);
INSERT INTO Tienda (ID_Tienda, Nombre, Domicilio, Localidad, CP, Zona_Geografica, ID_Cadena) VALUES (226, 'CARREFOUR MARKET', 'c/ Adarves.CC los Olivos', 'La Cala de Mijas', '29649', 'Costa del Sol Occidental', 1);
INSERT INTO Tienda (ID_Tienda, Nombre, Domicilio, Localidad, CP, Zona_Geografica, ID_Cadena) VALUES (227, 'CARREFOUR MARKET', 'c/ Nuevo Boulevard', 'La Cala de Mijas', '29649', 'Costa del Sol Occidental', 1);
INSERT INTO Tienda (ID_Tienda, Nombre, Domicilio, Localidad, CP, Zona_Geografica, ID_Cadena) VALUES (228, 'ECI-HIPERCOR', 'N-340 De Cadiz km. 198,1 "Riviera del Sol"', 'La Cala de Mijas', '29649', 'Costa del Sol Occidental', 3);
INSERT INTO Tienda (ID_Tienda, Nombre, Domicilio, Localidad, CP, Zona_Geografica, ID_Cadena) VALUES (229, 'EL JAMON', 'c/ Río Aguas, esq. c/Río Padrón', 'La Cala de Mijas', '29640', 'Costa del Sol Occidental', 4);
INSERT INTO Tienda (ID_Tienda, Nombre, Domicilio, Localidad, CP, Zona_Geografica, ID_Cadena) VALUES (230, 'EL JAMON', 'CC El Zoco Ctra De Cádiz Km. 198', 'La Cala de Mijas', '29649', 'Costa del Sol Occidental', 4);
INSERT INTO Tienda (ID_Tienda, Nombre, Domicilio, Localidad, CP, Zona_Geografica, ID_Cadena) VALUES (231, 'LIDL', 'c/ Juan de la Cierva', 'La Cala de Mijas', '29649', 'Costa del Sol Occidental', 6);
INSERT INTO Tienda (ID_Tienda, Nombre, Domicilio, Localidad, CP, Zona_Geografica, ID_Cadena) VALUES (232, 'LIDL', 'c/ Mar Cantábrico', 'La Cala de Mijas', '29649', 'Costa del Sol Occidental', 6);
INSERT INTO Tienda (ID_Tienda, Nombre, Domicilio, Localidad, CP, Zona_Geografica, ID_Cadena) VALUES (233, 'LIDL', 'PI Molino de Viento Avda Carmen Sáez Tejada nº1', 'La Cala de Mijas', '29649', 'Costa del Sol Occidental', 6);
INSERT INTO Tienda (ID_Tienda, Nombre, Domicilio, Localidad, CP, Zona_Geografica, ID_Cadena) VALUES (234, 'MAS', 'C/ Romeral de Calypso,1', 'La Cala de Mijas', '29649', 'Costa del Sol Occidental', 8);
INSERT INTO Tienda (ID_Tienda, Nombre, Domicilio, Localidad, CP, Zona_Geografica, ID_Cadena) VALUES (235, 'MERCADONA', 'c/ Mérida de Jarales, N° 4', 'La Cala de Mijas', '29649', 'Costa del Sol Occidental', 9);
INSERT INTO Tienda (ID_Tienda, Nombre, Domicilio, Localidad, CP, Zona_Geografica, ID_Cadena) VALUES (236, 'CARREFOUR HIPER FRANQUICIA', 'Avda de los Lirios s/n', 'Mijas', '29651', 'Costa del Sol Occidental', 1);
INSERT INTO Tienda (ID_Tienda, Nombre, Domicilio, Localidad, CP, Zona_Geografica, ID_Cadena) VALUES (237, 'DIA', 'Avda Mejico, 25', 'Mijas', '29650', 'Costa del Sol Occidental', 2);
INSERT INTO Tienda (ID_Tienda, Nombre, Domicilio, Localidad, CP, Zona_Geografica, ID_Cadena) VALUES (238, 'DIA', 'c/ Dr.Garcia Games S/N - esq. San Bernardo', 'Mijas', '29650', 'Costa del Sol Occidental', 2);
INSERT INTO Tienda (ID_Tienda, Nombre, Domicilio, Localidad, CP, Zona_Geografica, ID_Cadena) VALUES (239, 'DIA LA PLAZA', 'c/ Del Albero, Esquina Con Avd Dinamarca 1', 'Mijas', '29651', 'Costa del Sol Occidental', 2);
INSERT INTO Tienda (ID_Tienda, Nombre, Domicilio, Localidad, CP, Zona_Geografica, ID_Cadena) VALUES (240, 'ECI-SUPERCOR', 'c/ Sta. Laura', 'Mijas', '29651', 'Costa del Sol Occidental', 3);
INSERT INTO Tienda (ID_Tienda, Nombre, Domicilio, Localidad, CP, Zona_Geografica, ID_Cadena) VALUES (241, 'MAS', 'Avda. del Golf, 25', 'Mijas', '29650', 'Costa del Sol Occidental', 8);
INSERT INTO Tienda (ID_Tienda, Nombre, Domicilio, Localidad, CP, Zona_Geografica, ID_Cadena) VALUES (242, 'MERCADONA', 'Avda DE MIJAS, Cl SAN DIONISIO N° 1', 'Mijas', '29651', 'Costa del Sol Occidental', 9);
INSERT INTO Tienda (ID_Tienda, Nombre, Domicilio, Localidad, CP, Zona_Geografica, ID_Cadena) VALUES (243, 'MERCADONA', 'UER. 2,3,4 CAMINO VIEJO DE COIN', 'Mijas', '29651', 'Costa del Sol Occidental', 9);
INSERT INTO Tienda (ID_Tienda, Nombre, Domicilio, Localidad, CP, Zona_Geografica, ID_Cadena) VALUES (244, 'MERCADONA', 'Urb EL LIMONAR S/N LA CALA DE MIJAS', 'Mijas', '29651', 'Costa del Sol Occidental', 9);
INSERT INTO Tienda (ID_Tienda, Nombre, Domicilio, Localidad, CP, Zona_Geografica, ID_Cadena) VALUES (245, 'ECI-SUPERCOR', 'Ctra A-397 Ronda - Malaga  Km45 UrbMontehalcones s/n', 'Benahavís', '29679', 'Costa del Sol Occidental', 3);
INSERT INTO Tienda (ID_Tienda, Nombre, Domicilio, Localidad, CP, Zona_Geografica, ID_Cadena) VALUES (246, 'MERCADONA', 'c/ Picos Alcazaba, S/n (Urb La Alquería), Benahavís', 'Benahavís', '29679', 'Costa del Sol Occidental', 9);
INSERT INTO Tienda (ID_Tienda, Nombre, Domicilio, Localidad, CP, Zona_Geografica, ID_Cadena) VALUES (247, 'ALCAMPO', 'Ctra DE OJEN S/N PARQUE CC LA CAÑADA', 'Marbella', '29603', 'Costa del Sol Occidental', 11);
INSERT INTO Tienda (ID_Tienda, Nombre, Domicilio, Localidad, CP, Zona_Geografica, ID_Cadena) VALUES (248, 'CARREFOUR MARKET', 'Avda General López Dominguez, 19', 'Marbella', '29600', 'Costa del Sol Occidental', 1);
INSERT INTO Tienda (ID_Tienda, Nombre, Domicilio, Localidad, CP, Zona_Geografica, ID_Cadena) VALUES (249, 'CARREFOUR MARKET', 'c/ LG CC Elviria, s/n', 'Marbella', '29600', 'Costa del Sol Occidental', 1);
INSERT INTO Tienda (ID_Tienda, Nombre, Domicilio, Localidad, CP, Zona_Geografica, ID_Cadena) VALUES (250, 'CARREFOUR MARKET', 'c/ LG CC Guadalmina', 'Marbella', '29600', 'Costa del Sol Occidental', 1);
INSERT INTO Tienda (ID_Tienda, Nombre, Domicilio, Localidad, CP, Zona_Geografica, ID_Cadena) VALUES (251, 'CARREFOUR MARKET', 'c/ Valentuñana, Nº 3 (Edif. Marbeland)', 'Marbella', '29601', 'Costa del Sol Occidental', 1);
INSERT INTO Tienda (ID_Tienda, Nombre, Domicilio, Localidad, CP, Zona_Geografica, ID_Cadena) VALUES (252, 'CARREFOUR MARKET', 'Ctra N-340 Cádiz, Km. 188 El Casco', 'Marbella', '29600', 'Costa del Sol Occidental', 1);
INSERT INTO Tienda (ID_Tienda, Nombre, Domicilio, Localidad, CP, Zona_Geografica, ID_Cadena) VALUES (253, 'CARREFOUR MARKET', 'Ctra N-340 Cadiz-Malaga, Km.179 (F.Aresbank)', 'Marbella', '29600', 'Costa del Sol Occidental', 1);
INSERT INTO Tienda (ID_Tienda, Nombre, Domicilio, Localidad, CP, Zona_Geografica, ID_Cadena) VALUES (254, 'DIA', 'Avda Andalucia, s/n -Camping Marbella Playa', 'Marbella', '29604', 'Costa del Sol Occidental', 2);
INSERT INTO Tienda (ID_Tienda, Nombre, Domicilio, Localidad, CP, Zona_Geografica, ID_Cadena) VALUES (255, 'DIA', 'Avda Canovas Del Castillo S/N', 'Marbella', '29601', 'Costa del Sol Occidental', 2);
INSERT INTO Tienda (ID_Tienda, Nombre, Domicilio, Localidad, CP, Zona_Geografica, ID_Cadena) VALUES (256, 'DIA', 'Avda El Trapiche, 27', 'Marbella', '29601', 'Costa del Sol Occidental', 2);
INSERT INTO Tienda (ID_Tienda, Nombre, Domicilio, Localidad, CP, Zona_Geografica, ID_Cadena) VALUES (257, 'DIA LA PLAZA', 'c/ Rodrigo de Triana, 2', 'Marbella', '29600', 'Costa del Sol Occidental', 2);
INSERT INTO Tienda (ID_Tienda, Nombre, Domicilio, Localidad, CP, Zona_Geografica, ID_Cadena) VALUES (258, 'DIA LA PLAZA', 'c/ San Antonio, s/n', 'Marbella', '29600', 'Costa del Sol Occidental', 2);
INSERT INTO Tienda (ID_Tienda, Nombre, Domicilio, Localidad, CP, Zona_Geografica, ID_Cadena) VALUES (259, 'ECI', 'Avda Bulevar Principe Alfonso de Hohenlohe', 'Marbella', '29602', 'Costa del Sol Occidental', 3);
INSERT INTO Tienda (ID_Tienda, Nombre, Domicilio, Localidad, CP, Zona_Geografica, ID_Cadena) VALUES (260, 'ECI', 'c/ Ramon Areces, s/n', 'Marbella', '29660', 'Costa del Sol Occidental', 3);
INSERT INTO Tienda (ID_Tienda, Nombre, Domicilio, Localidad, CP, Zona_Geografica, ID_Cadena) VALUES (261, 'ECI-SUPERCOR', 'Avda Playa del Duque c/v Avd. Jose BanUs', 'Marbella', '29660', 'Costa del Sol Occidental', 3);
INSERT INTO Tienda (ID_Tienda, Nombre, Domicilio, Localidad, CP, Zona_Geografica, ID_Cadena) VALUES (262, 'ECI-SUPERCOR', 'Avda Ramon y Cajal. Conj.Urb Marbella Center', 'Marbella', '29601', 'Costa del Sol Occidental', 3);
INSERT INTO Tienda (ID_Tienda, Nombre, Domicilio, Localidad, CP, Zona_Geografica, ID_Cadena) VALUES (263, 'ECI-SUPERCOR', 'c/ 2B C.Comercial Odeon,local 2 al 8. Nueva Andalucia', 'Marbella', '29660', 'Costa del Sol Occidental', 3);
INSERT INTO Tienda (ID_Tienda, Nombre, Domicilio, Localidad, CP, Zona_Geografica, ID_Cadena) VALUES (264, 'ECI-SUPERCOR', 'c/ Coto de los Dolores, s/n UrbPinogolf, Elviria', 'Marbella', '29600', 'Costa del Sol Occidental', 3);
INSERT INTO Tienda (ID_Tienda, Nombre, Domicilio, Localidad, CP, Zona_Geografica, ID_Cadena) VALUES (265, 'ECI-SUPERCOR', 'CC "Aloha", C/ Via 1, Urb Nueva Andalucia', 'Marbella', '29660', 'Costa del Sol Occidental', 3);
INSERT INTO Tienda (ID_Tienda, Nombre, Domicilio, Localidad, CP, Zona_Geografica, ID_Cadena) VALUES (266, 'ECI-SUPERCOR', 'CC Andasol km 187 Nac.340', 'Marbella', '29600', 'Costa del Sol Occidental', 3);
INSERT INTO Tienda (ID_Tienda, Nombre, Domicilio, Localidad, CP, Zona_Geografica, ID_Cadena) VALUES (267, 'ECI-SUPERCOR', 'CC Plaza del Mar - c/ Camila Jose Cela, s/n', 'Marbella', '29600', 'Costa del Sol Occidental', 3);
INSERT INTO Tienda (ID_Tienda, Nombre, Domicilio, Localidad, CP, Zona_Geografica, ID_Cadena) VALUES (268, 'ECI-SUPEROPEN', 'c/ Hacienda Las Chapas, s/n', 'Marbella', '29600', 'Costa del Sol Occidental', 3);
INSERT INTO Tienda (ID_Tienda, Nombre, Domicilio, Localidad, CP, Zona_Geografica, ID_Cadena) VALUES (269, 'LIDL', 'Bulevar Príncipe Alfonso Von Hohenlohe s/n', 'Marbella', '29600', 'Costa del Sol Occidental', 6);
INSERT INTO Tienda (ID_Tienda, Nombre, Domicilio, Localidad, CP, Zona_Geografica, ID_Cadena) VALUES (270, 'LIDL', 'c/ La Hacienda', 'Marbella', '29604', 'Costa del Sol Occidental', 6);
INSERT INTO Tienda (ID_Tienda, Nombre, Domicilio, Localidad, CP, Zona_Geografica, ID_Cadena) VALUES (271, 'MERCADONA', 'Avda de las Albarizas (Urb, Las Terrazas)', 'Marbella', '29601', 'Costa del Sol Occidental', 9);
INSERT INTO Tienda (ID_Tienda, Nombre, Domicilio, Localidad, CP, Zona_Geografica, ID_Cadena) VALUES (272, 'MERCADONA', 'Avda Ricardo soriano, 70 (Edif. Golden)', 'Marbella', '29601', 'Costa del Sol Occidental', 9);
INSERT INTO Tienda (ID_Tienda, Nombre, Domicilio, Localidad, CP, Zona_Geografica, ID_Cadena) VALUES (273, 'MERCADONA', 'c/ CALIFA, 1', 'Marbella', '29660', 'Costa del Sol Occidental', 9);
INSERT INTO Tienda (ID_Tienda, Nombre, Domicilio, Localidad, CP, Zona_Geografica, ID_Cadena) VALUES (274, 'MERCADONA', 'c/ Francisca Carrillo, 3 (Urb XARBLANCA)', 'Marbella', '29602', 'Costa del Sol Occidental', 9);
INSERT INTO Tienda (ID_Tienda, Nombre, Domicilio, Localidad, CP, Zona_Geografica, ID_Cadena) VALUES (275, 'MERCADONA', 'c/ San Manuel, s/n', 'Marbella', '29604', 'Costa del Sol Occidental', 9);
INSERT INTO Tienda (ID_Tienda, Nombre, Domicilio, Localidad, CP, Zona_Geografica, ID_Cadena) VALUES (276, 'MERCADONA', 'c/ Serenata', 'Marbella', '29600', 'Costa del Sol Occidental', 9);
INSERT INTO Tienda (ID_Tienda, Nombre, Domicilio, Localidad, CP, Zona_Geografica, ID_Cadena) VALUES (277, 'MERCADONA', 'Urb Los Naranjos de Marbella', 'Marbella', '29660', 'Costa del Sol Occidental', 9);
INSERT INTO Tienda (ID_Tienda, Nombre, Domicilio, Localidad, CP, Zona_Geografica, ID_Cadena) VALUES (278, 'CARREFOUR MARKET', 'Avda Virgen del Rocío - Urb s/n', 'Marbella - San Pedro', '29670', 'Costa del Sol Occidental', 1);
INSERT INTO Tienda (ID_Tienda, Nombre, Domicilio, Localidad, CP, Zona_Geografica, ID_Cadena) VALUES (279, 'CARREFOUR MARKET', 'Plaza Juan Macías', 'Marbella - San Pedro', '29670', 'Costa del Sol Occidental', 1);
INSERT INTO Tienda (ID_Tienda, Nombre, Domicilio, Localidad, CP, Zona_Geografica, ID_Cadena) VALUES (280, 'CARREFOUR MARKET', 'Urb Cortijo Blanco, Parcela A1', 'Marbella - San Pedro', '29670', 'Costa del Sol Occidental', 1);
INSERT INTO Tienda (ID_Tienda, Nombre, Domicilio, Localidad, CP, Zona_Geografica, ID_Cadena) VALUES (281, 'CARREFOUR SUPECO', 'c/ Sta. Maria Esquina Fuente Nueva', 'Marbella - San Pedro', '29670', 'Costa del Sol Occidental', 1);
INSERT INTO Tienda (ID_Tienda, Nombre, Domicilio, Localidad, CP, Zona_Geografica, ID_Cadena) VALUES (282, 'DIA', 'CC La Colonia N-340', 'Marbella - San Pedro', '29670', 'Costa del Sol Occidental', 2);
INSERT INTO Tienda (ID_Tienda, Nombre, Domicilio, Localidad, CP, Zona_Geografica, ID_Cadena) VALUES (283, 'DIA', 'Ctra Comarcal 3, Manzana 3 (San Pedro de Alcantara)', 'Marbella - San Pedro', '29670', 'Costa del Sol Occidental', 2);
INSERT INTO Tienda (ID_Tienda, Nombre, Domicilio, Localidad, CP, Zona_Geografica, ID_Cadena) VALUES (284, 'ECI-SUPERCOR', 'Urb Rio Verde CC.Puerta de Bandas Locales 1,2,5 y 6', 'Marbella - San Pedro', '29670', 'Costa del Sol Occidental', 3);
INSERT INTO Tienda (ID_Tienda, Nombre, Domicilio, Localidad, CP, Zona_Geografica, ID_Cadena) VALUES (285, 'MASKOM', 'c/ Lagasca, 56', 'Marbella - San Pedro', '29670', 'Costa del Sol Occidental', 8);
INSERT INTO Tienda (ID_Tienda, Nombre, Domicilio, Localidad, CP, Zona_Geografica, ID_Cadena) VALUES (286, 'MASKOM', 'C/ GÓMEZ DE LA SERNA, 2', 'Marbella - San Pedro', '29670', 'Costa del Sol Occidental', 8);
INSERT INTO Tienda (ID_Tienda, Nombre, Domicilio, Localidad, CP, Zona_Geografica, ID_Cadena) VALUES (287, 'MERCADONA', 'c/ Santa Leonor, S/N', 'Marbella - San Pedro', '29670', 'Costa del Sol Occidental', 9);
INSERT INTO Tienda (ID_Tienda, Nombre, Domicilio, Localidad, CP, Zona_Geografica, ID_Cadena) VALUES (288, 'DIA', 'Autovía A7, PK 142.5, urbanización Los Hidalgos', 'Sabinillas', '29692', 'Costa del Sol Occidental', 2);
INSERT INTO Tienda (ID_Tienda, Nombre, Domicilio, Localidad, CP, Zona_Geografica, ID_Cadena) VALUES (289, 'LIDL', 'Ctra N-340, Km 1079', 'Sabinillas', '29692', 'Costa del Sol Occidental', 6);
INSERT INTO Tienda (ID_Tienda, Nombre, Domicilio, Localidad, CP, Zona_Geografica, ID_Cadena) VALUES (290, 'CARREFOUR EXPRESS', 'c/ La Portada, Parcela 4', 'Estepona', '29680', 'Costa del Sol Occidental', 1);
INSERT INTO Tienda (ID_Tienda, Nombre, Domicilio, Localidad, CP, Zona_Geografica, ID_Cadena) VALUES (291, 'CARREFOUR HIPER FRANQUICIA', 'Ctra Cádiz-Málaga km. 156,9', 'Estepona', '29680', 'Costa del Sol Occidental', 1);
INSERT INTO Tienda (ID_Tienda, Nombre, Domicilio, Localidad, CP, Zona_Geografica, ID_Cadena) VALUES (292, 'CARREFOUR MARKET', 'c/ Torre Almenara, Frente al Puerto', 'Estepona', '29680', 'Costa del Sol Occidental', 1);
INSERT INTO Tienda (ID_Tienda, Nombre, Domicilio, Localidad, CP, Zona_Geografica, ID_Cadena) VALUES (293, 'CARREFOUR SUPECO', 'Urb Bell-Air Camino Calderon', 'Estepona', '29680', 'Costa del Sol Occidental', 1);
INSERT INTO Tienda (ID_Tienda, Nombre, Domicilio, Localidad, CP, Zona_Geografica, ID_Cadena) VALUES (294, 'DIA', 'Avda Carlos Cano,1. Conjunto Miramar, Fase Ii 8', 'Estepona', '29680', 'Costa del Sol Occidental', 2);
INSERT INTO Tienda (ID_Tienda, Nombre, Domicilio, Localidad, CP, Zona_Geografica, ID_Cadena) VALUES (295, 'DIA', 'c/ Juan Gris, 15', 'Estepona', '29680', 'Costa del Sol Occidental', 2);
INSERT INTO Tienda (ID_Tienda, Nombre, Domicilio, Localidad, CP, Zona_Geografica, ID_Cadena) VALUES (296, 'ECI-SUPERCOR', 'Avda de Espatia,s/n Parcela Sur Puerto Deportivo Estepona', 'Estepona', '29680', 'Costa del Sol Occidental', 3);
INSERT INTO Tienda (ID_Tienda, Nombre, Domicilio, Localidad, CP, Zona_Geografica, ID_Cadena) VALUES (297, 'ECI-SUPERCOR', 'Avda Puerta del Mar 45', 'Estepona', '29680', 'Costa del Sol Occidental', 3);
INSERT INTO Tienda (ID_Tienda, Nombre, Domicilio, Localidad, CP, Zona_Geografica, ID_Cadena) VALUES (298, 'ECI-SUPERCOR', 'Urb "El Pilar" parcela G-dos y G-uno. N-340 (Km 167,5)', 'Estepona', '29680', 'Costa del Sol Occidental', 3);
INSERT INTO Tienda (ID_Tienda, Nombre, Domicilio, Localidad, CP, Zona_Geografica, ID_Cadena) VALUES (299, 'LIDL', 'Avda Puerta del Mar, s/n', 'Estepona', '29680', 'Costa del Sol Occidental', 6);
INSERT INTO Tienda (ID_Tienda, Nombre, Domicilio, Localidad, CP, Zona_Geografica, ID_Cadena) VALUES (300, 'MAS CASH FRESH', 'Avda España, 200', 'Estepona', '29680', 'Costa del Sol Occidental', 8);
INSERT INTO Tienda (ID_Tienda, Nombre, Domicilio, Localidad, CP, Zona_Geografica, ID_Cadena) VALUES (301, 'MERCADONA', 'Avda ANDALUCIA, S/N', 'Estepona', '29680', 'Costa del Sol Occidental', 9);
INSERT INTO Tienda (ID_Tienda, Nombre, Domicilio, Localidad, CP, Zona_Geografica, ID_Cadena) VALUES (302, 'MERCADONA', 'Avda DE BEL-AIR, 2', 'Estepona', '29680', 'Costa del Sol Occidental', 9);
INSERT INTO Tienda (ID_Tienda, Nombre, Domicilio, Localidad, CP, Zona_Geografica, ID_Cadena) VALUES (303, 'MERCADONA', 'AVDA. ANDALUCÍA, 20', 'Estepona', '29680', 'Costa del Sol Occidental', 9);
INSERT INTO Tienda (ID_Tienda, Nombre, Domicilio, Localidad, CP, Zona_Geografica, ID_Cadena) VALUES (304, 'MERCADONA', 'C/ ITALIA, 1', 'Estepona', '29680', 'Costa del Sol Occidental', 9);
INSERT INTO Tienda (ID_Tienda, Nombre, Domicilio, Localidad, CP, Zona_Geografica, ID_Cadena) VALUES (305, 'MERCADONA', 'C/ JOSEFINA SAMPER, S/N', 'Estepona', '29680', 'Costa del Sol Occidental', 9);
INSERT INTO Tienda (ID_Tienda, Nombre, Domicilio, Localidad, CP, Zona_Geografica, ID_Cadena) VALUES (306, 'CARREFOUR EXPRESS', 'c/  Casablanca, 5', 'Torremolinos', '29620', 'Costa del Sol Occidental', 1);
INSERT INTO Tienda (ID_Tienda, Nombre, Domicilio, Localidad, CP, Zona_Geografica, ID_Cadena) VALUES (307, 'CARREFOUR HIPER FRANQUICIA', 'CN-340 CC  Costasol Centro Carretera Circunvalación s/nº', 'Torremolinos', '29620', 'Costa del Sol Occidental', 1);
INSERT INTO Tienda (ID_Tienda, Nombre, Domicilio, Localidad, CP, Zona_Geografica, ID_Cadena) VALUES (308, 'CARREFOUR MARKET', 'Paseo del Colorado 25', 'Torremolinos', '29620', 'Costa del Sol Occidental', 1);
INSERT INTO Tienda (ID_Tienda, Nombre, Domicilio, Localidad, CP, Zona_Geografica, ID_Cadena) VALUES (309, 'CARREFOUR SUPECO', 'Avda de los Manantiales, s/n', 'Torremolinos', '29620', 'Costa del Sol Occidental', 1);
INSERT INTO Tienda (ID_Tienda, Nombre, Domicilio, Localidad, CP, Zona_Geografica, ID_Cadena) VALUES (310, 'DIA', 'Avda Benalmadena S/N', 'Torremolinos', '29620', 'Costa del Sol Occidental', 2);
INSERT INTO Tienda (ID_Tienda, Nombre, Domicilio, Localidad, CP, Zona_Geografica, ID_Cadena) VALUES (311, 'DIA', 'c/ Ciudad de Porcuna, 4', 'Torremolinos', '29620', 'Costa del Sol Occidental', 2);
INSERT INTO Tienda (ID_Tienda, Nombre, Domicilio, Localidad, CP, Zona_Geografica, ID_Cadena) VALUES (312, 'DIA', 'c/ Joan Miró Nº8', 'Torremolinos', '29620', 'Costa del Sol Occidental', 2);
INSERT INTO Tienda (ID_Tienda, Nombre, Domicilio, Localidad, CP, Zona_Geografica, ID_Cadena) VALUES (313, 'LIDL', 'Avda Carlota Alesandri, nº 288', 'Torremolinos', '29620', 'Costa del Sol Occidental', 6);
INSERT INTO Tienda (ID_Tienda, Nombre, Domicilio, Localidad, CP, Zona_Geografica, ID_Cadena) VALUES (314, 'LIDL', 'c/ Cruz, 69', 'Torremolinos', '29620', 'Costa del Sol Occidental', 6);
INSERT INTO Tienda (ID_Tienda, Nombre, Domicilio, Localidad, CP, Zona_Geografica, ID_Cadena) VALUES (315, 'MASKOM', 'c/ GRAN CARDENAL, 12', 'Torremolinos', '29620', 'Costa del Sol Occidental', 8);
INSERT INTO Tienda (ID_Tienda, Nombre, Domicilio, Localidad, CP, Zona_Geografica, ID_Cadena) VALUES (316, 'MERCADONA', 'Avda Playamar, S/N', 'Torremolinos', '29620', 'Costa del Sol Occidental', 9);
INSERT INTO Tienda (ID_Tienda, Nombre, Domicilio, Localidad, CP, Zona_Geografica, ID_Cadena) VALUES (317, 'MERCADONA', 'c/ Miguel de Cervantes, s/n', 'Torremolinos', '29620', 'Costa del Sol Occidental', 9);
INSERT INTO Tienda (ID_Tienda, Nombre, Domicilio, Localidad, CP, Zona_Geografica, ID_Cadena) VALUES (318, 'MERCADONA', 'c/ Rio Aranda, S/N', 'Torremolinos', '29620', 'Costa del Sol Occidental', 9);
INSERT INTO Tienda (ID_Tienda, Nombre, Domicilio, Localidad, CP, Zona_Geografica, ID_Cadena) VALUES (319, 'MERCADONA', 'Plaza Costa del Sol, S/N', 'Torremolinos', '29620', 'Costa del Sol Occidental', 9);
INSERT INTO Tienda (ID_Tienda, Nombre, Domicilio, Localidad, CP, Zona_Geografica, ID_Cadena) VALUES (320, 'CARREFOUR EXPRESS', 'c/ Camino de los Guindos, 8', 'Málaga', '29004', 'Málaga', 1);
INSERT INTO Tienda (ID_Tienda, Nombre, Domicilio, Localidad, CP, Zona_Geografica, ID_Cadena) VALUES (321, 'CARREFOUR EXPRESS', 'c/ Cuarteles, 49', 'Málaga', '29002', 'Málaga', 1);
INSERT INTO Tienda (ID_Tienda, Nombre, Domicilio, Localidad, CP, Zona_Geografica, ID_Cadena) VALUES (322, 'CARREFOUR EXPRESS', 'Paseo de los Tilos, 53', 'Málaga', '29006', 'Málaga', 1);
INSERT INTO Tienda (ID_Tienda, Nombre, Domicilio, Localidad, CP, Zona_Geografica, ID_Cadena) VALUES (323, 'CARREFOUR HIPER', 'Ctra de Cádiz, Km. 241 - CC Los Patios', 'Málaga', '29004', 'Málaga', 1);
INSERT INTO Tienda (ID_Tienda, Nombre, Domicilio, Localidad, CP, Zona_Geografica, ID_Cadena) VALUES (324, 'DIA FRANQUICIA', 'c/ Mirarosas', 'Málaga', '29006', 'Málaga', 2);
INSERT INTO Tienda (ID_Tienda, Nombre, Domicilio, Localidad, CP, Zona_Geografica, ID_Cadena) VALUES (325, 'DIA LA PLAZA', 'c/ Reboul, s/n - Esq Gregorio Frías', 'Málaga', '29006', 'Málaga', 2);
INSERT INTO Tienda (ID_Tienda, Nombre, Domicilio, Localidad, CP, Zona_Geografica, ID_Cadena) VALUES (326, 'DIAMARKET', 'c/ Ayala 82', 'Málaga', '29002', 'Málaga', 2);
INSERT INTO Tienda (ID_Tienda, Nombre, Domicilio, Localidad, CP, Zona_Geografica, ID_Cadena) VALUES (327, 'DIAMAXI', 'Avda Velázquez, 9', 'Málaga', '29003', 'Málaga', 2);
INSERT INTO Tienda (ID_Tienda, Nombre, Domicilio, Localidad, CP, Zona_Geografica, ID_Cadena) VALUES (328, 'DIAMAXI', 'c/ Cuarteles, 35', 'Málaga', '29002', 'Málaga', 2);
INSERT INTO Tienda (ID_Tienda, Nombre, Domicilio, Localidad, CP, Zona_Geografica, ID_Cadena) VALUES (329, 'EL JAMON', 'Avda Europa, 112', 'Málaga', '29003', 'Málaga', 4);
INSERT INTO Tienda (ID_Tienda, Nombre, Domicilio, Localidad, CP, Zona_Geografica, ID_Cadena) VALUES (330, 'EL JAMON', 'c/ Paseo de los Tilos, 35', 'Málaga', '29006', 'Málaga', 4);
INSERT INTO Tienda (ID_Tienda, Nombre, Domicilio, Localidad, CP, Zona_Geografica, ID_Cadena) VALUES (331, 'LIDL', 'c/ Gerona, 43', 'Málaga', '29006', 'Málaga', 6);
INSERT INTO Tienda (ID_Tienda, Nombre, Domicilio, Localidad, CP, Zona_Geografica, ID_Cadena) VALUES (332, 'LIDL', 'c/ Héroe Sostoa, 126', 'Málaga', '29002', 'Málaga', 6);
INSERT INTO Tienda (ID_Tienda, Nombre, Domicilio, Localidad, CP, Zona_Geografica, ID_Cadena) VALUES (333, 'LIDL', 'c/ Villanueva de Algaidas,6', 'Málaga', '29004', 'Málaga', 6);
INSERT INTO Tienda (ID_Tienda, Nombre, Domicilio, Localidad, CP, Zona_Geografica, ID_Cadena) VALUES (334, 'MAS', 'Avda. de la Aurora esq. C/ Pavía numero 9', 'Málaga', '29002', 'Málaga', 8);
INSERT INTO Tienda (ID_Tienda, Nombre, Domicilio, Localidad, CP, Zona_Geografica, ID_Cadena) VALUES (335, 'MAS', 'c/ Carril de la Chupa s/n', 'Málaga', '29004', 'Málaga', 8);
INSERT INTO Tienda (ID_Tienda, Nombre, Domicilio, Localidad, CP, Zona_Geografica, ID_Cadena) VALUES (336, 'MAS', 'c/ Cuarteles, 37', 'Málaga', '29002', 'Málaga', 8);
INSERT INTO Tienda (ID_Tienda, Nombre, Domicilio, Localidad, CP, Zona_Geografica, ID_Cadena) VALUES (337, 'MAS CASH FRESH', 'c/ Canillas de Aceituno, 1', 'Málaga', '29004', 'Málaga', 8);
INSERT INTO Tienda (ID_Tienda, Nombre, Domicilio, Localidad, CP, Zona_Geografica, ID_Cadena) VALUES (338, 'MASKOM', 'Avda Antonio Gaudí, 10', 'Málaga', '29004', 'Málaga', 8);
INSERT INTO Tienda (ID_Tienda, Nombre, Domicilio, Localidad, CP, Zona_Geografica, ID_Cadena) VALUES (339, 'MASKOM', 'c/ Alozaina 17', 'Málaga', '29006', 'Málaga', 8);
INSERT INTO Tienda (ID_Tienda, Nombre, Domicilio, Localidad, CP, Zona_Geografica, ID_Cadena) VALUES (340, 'MASKOM', 'C/ AYALA, 92', 'Málaga', '29002', 'Málaga', 8);
INSERT INTO Tienda (ID_Tienda, Nombre, Domicilio, Localidad, CP, Zona_Geografica, ID_Cadena) VALUES (341, 'MASKOM', 'c/ Capulino Jáuregui, 3', 'Málaga', '29002', 'Málaga', 8);
INSERT INTO Tienda (ID_Tienda, Nombre, Domicilio, Localidad, CP, Zona_Geografica, ID_Cadena) VALUES (342, 'MASKOM', 'c/ Obsidiana, 1-Barriada Santa Cristina', 'Málaga', '29006', 'Málaga', 8);
INSERT INTO Tienda (ID_Tienda, Nombre, Domicilio, Localidad, CP, Zona_Geografica, ID_Cadena) VALUES (343, 'MERCADONA', 'Avda Velazquez, 95 - C/ Viña del Mar, 2', 'Málaga', '29004', 'Málaga', 9);
INSERT INTO Tienda (ID_Tienda, Nombre, Domicilio, Localidad, CP, Zona_Geografica, ID_Cadena) VALUES (344, 'MERCADONA', 'Camino San Rafael, 55', 'Málaga', '29006', 'Málaga', 9);
INSERT INTO Tienda (ID_Tienda, Nombre, Domicilio, Localidad, CP, Zona_Geografica, ID_Cadena) VALUES (345, 'DIA FRANQUICIA', 'Avda Blas Infante 10', 'Alameda', '29530', 'Antequera', 2);
INSERT INTO Tienda (ID_Tienda, Nombre, Domicilio, Localidad, CP, Zona_Geografica, ID_Cadena) VALUES (346, 'MASKOM', 'Plaza Andalucía 20', 'Alameda', '29530', 'Antequera', 8);
INSERT INTO Tienda (ID_Tienda, Nombre, Domicilio, Localidad, CP, Zona_Geografica, ID_Cadena) VALUES (347, 'CARREFOUR HIPER', 'CC La Verónica. Ctra Sevilla CN 343-PK 6,5', 'Antequera', '29200', 'Antequera', 1);
INSERT INTO Tienda (ID_Tienda, Nombre, Domicilio, Localidad, CP, Zona_Geografica, ID_Cadena) VALUES (348, 'LIDL', 'c/ Barrrero, 10--Ctra Sevilla-Cuesta Talavera', 'Antequera', '29200', 'Antequera', 6);
INSERT INTO Tienda (ID_Tienda, Nombre, Domicilio, Localidad, CP, Zona_Geografica, ID_Cadena) VALUES (349, 'MASKOM', 'C/ Infante Don Fernando, 47', 'Antequera', '29200', 'Antequera', NULL);
INSERT INTO Tienda (ID_Tienda, Nombre, Domicilio, Localidad, CP, Zona_Geografica, ID_Cadena) VALUES (350, 'MERCADONA', 'Avda de la Estación s/n', 'Antequera', '29200', 'Antequera', 9);
INSERT INTO Tienda (ID_Tienda, Nombre, Domicilio, Localidad, CP, Zona_Geografica, ID_Cadena) VALUES (351, 'MERCADONA', 'c/ Calzada, 18', 'Antequera', '29200', 'Antequera', 9);
INSERT INTO Tienda (ID_Tienda, Nombre, Domicilio, Localidad, CP, Zona_Geografica, ID_Cadena) VALUES (352, 'MERCADONA', 'Urb Parquesol, 32', 'Antequera', '29200', 'Antequera', 9);
INSERT INTO Tienda (ID_Tienda, Nombre, Domicilio, Localidad, CP, Zona_Geografica, ID_Cadena) VALUES (353, 'MASKOM', 'c/ Nueva 16-18', 'Archidona', '29300', 'Antequera', 8);
INSERT INTO Tienda (ID_Tienda, Nombre, Domicilio, Localidad, CP, Zona_Geografica, ID_Cadena) VALUES (354, 'MERCADONA', 'Avda Llano de Pablo Picasso, 30', 'Archidona', '29300', 'Antequera', 9);
INSERT INTO Tienda (ID_Tienda, Nombre, Domicilio, Localidad, CP, Zona_Geografica, ID_Cadena) VALUES (355, 'MAS CASH FRESH', 'Avda de la Casería del Rey, 12', 'Mollina', '29532', 'Antequera', 8);
INSERT INTO Tienda (ID_Tienda, Nombre, Domicilio, Localidad, CP, Zona_Geografica, ID_Cadena) VALUES (356, 'MASKOM', 'C/ Archidona 15', 'Villanueva de Algaidas', '29310', 'Antequera', 8);
INSERT INTO Tienda (ID_Tienda, Nombre, Domicilio, Localidad, CP, Zona_Geografica, ID_Cadena) VALUES (357, 'DIAMARKET', 'Ctra Antequera-Malaga, Km 64.14', 'Vva de Algaidas', '29310', 'Antequera', 2);
INSERT INTO Tienda (ID_Tienda, Nombre, Domicilio, Localidad, CP, Zona_Geografica, ID_Cadena) VALUES (358, 'MASKOM', 'Av. JUAN XXIII, 28', 'Casarabonela', '29566', 'Sierra de las Nieves', 8);
INSERT INTO Tienda (ID_Tienda, Nombre, Domicilio, Localidad, CP, Zona_Geografica, ID_Cadena) VALUES (359, 'MASKOM', 'C/ AGUILAR Y CANO, 4', 'Málaga', '29018', 'Málaga', NULL);

INSERT INTO Entidad_Colaboradora (ID_Entidad_Colaboradora, Nombre, Domicilio, Telefono) VALUES (1, 'AAVV TORRIJOS', 'Centro Ciudadano Huelin.Calle Emilio de la Cerda 24,2ª. 29002 MALAGA', '');
INSERT INTO Entidad_Colaboradora (ID_Entidad_Colaboradora, Nombre, Domicilio, Telefono) VALUES (2, 'ABC ASOCIACIÓN BENEFICA CRISTIANA DIOS ES FIEL', 'Calle Jabalcuza,11
29130 - Alhaurín de la Torre ( Malaga)', '');
INSERT INTO Entidad_Colaboradora (ID_Entidad_Colaboradora, Nombre, Domicilio, Telefono) VALUES (3, 'ACCEM', 'Callejón Pericón
29008 - Málaga', '');
INSERT INTO Entidad_Colaboradora (ID_Entidad_Colaboradora, Nombre, Domicilio, Telefono) VALUES (4, 'ACCION PLURAL', 'CALLE CANALES,7
29002 - Málaga', '');
INSERT INTO Entidad_Colaboradora (ID_Entidad_Colaboradora, Nombre, Domicilio, Telefono) VALUES (5, 'ADINTRE', 'Calle Feria de Jerez s/n
29640 - Fuengirola, Málaga', '');
INSERT INTO Entidad_Colaboradora (ID_Entidad_Colaboradora, Nombre, Domicilio, Telefono) VALUES (6, 'ADRA', 'Calle Licurgo, 26
29004 - Málaga', '');
INSERT INTO Entidad_Colaboradora (ID_Entidad_Colaboradora, Nombre, Domicilio, Telefono) VALUES (7, 'AECC ASOCIACION ESPAÑOLA CONTRA EL CANCER MALAGA', 'Alameda de Capuchinos, 37-39, 29009 Málaga', '');
INSERT INTO Entidad_Colaboradora (ID_Entidad_Colaboradora, Nombre, Domicilio, Telefono) VALUES (8, 'AECC-Málaga', '', '');
INSERT INTO Entidad_Colaboradora (ID_Entidad_Colaboradora, Nombre, Domicilio, Telefono) VALUES (9, 'AECC-Marbella', 'Avda. del Mar, 5', '');
INSERT INTO Entidad_Colaboradora (ID_Entidad_Colaboradora, Nombre, Domicilio, Telefono) VALUES (10, 'Agrupación Cofadías Semana Santa Vélez-Málaga', 'C. P.º Nuevo, 14
Vélez-Málaga, Málaga', '');
INSERT INTO Entidad_Colaboradora (ID_Entidad_Colaboradora, Nombre, Domicilio, Telefono) VALUES (11, 'AGRUPACIÓN COFRADIAS DE MARBELLA', 'PLAZA DE LA IGLESIA, S/N
29601 - Marbella, Málaga', '');
INSERT INTO Entidad_Colaboradora (ID_Entidad_Colaboradora, Nombre, Domicilio, Telefono) VALUES (12, 'ALCER ASOCIACION PARA LA LUCHA CONTRA LAS ENFERMEDADES RENALES', 'Avenida Carlos de Haya, 41 1ºB
29010 - Malaga', '');
INSERT INTO Entidad_Colaboradora (ID_Entidad_Colaboradora, Nombre, Domicilio, Telefono) VALUES (13, 'Altas Capacidades Marbella y San Pedro', 'Ricardo Soriano 46B', '');
INSERT INTO Entidad_Colaboradora (ID_Entidad_Colaboradora, Nombre, Domicilio, Telefono) VALUES (14, 'AMANECER EN LA COLONIA ASOCIACIÓN', 'C/ Bilbao, 2
29660 San Pedro Alcántara', '');
INSERT INTO Entidad_Colaboradora (ID_Entidad_Colaboradora, Nombre, Domicilio, Telefono) VALUES (15, 'AMFREMAR COMEDOR SOCIAL', 'Practicante Fernández Alcolea, 11', '');
INSERT INTO Entidad_Colaboradora (ID_Entidad_Colaboradora, Nombre, Domicilio, Telefono) VALUES (16, 'ARPOM - AYUDA RECUPERACION POLITOXICOMANOS MARGINADOS. ALORA', 'Camimo de la Vega Redonda. s/n
29500 - Alora', '');
INSERT INTO Entidad_Colaboradora (ID_Entidad_Colaboradora, Nombre, Domicilio, Telefono) VALUES (17, 'ASIMA ASOCIACION CIUDADANA ANTISIDA DE MALAGA', 'Calle Cruz Verde, 22
29013 - Málaga', '');
INSERT INTO Entidad_Colaboradora (ID_Entidad_Colaboradora, Nombre, Domicilio, Telefono) VALUES (18, 'ASIS COMEDOR SOCIAL DE ANTEQUERA', 'C/ Córdoba 29, Antequera, CP
29200 (Málaga)', '');
INSERT INTO Entidad_Colaboradora (ID_Entidad_Colaboradora, Nombre, Domicilio, Telefono) VALUES (19, 'Asociación 3ª Edad', '', '');
INSERT INTO Entidad_Colaboradora (ID_Entidad_Colaboradora, Nombre, Domicilio, Telefono) VALUES (20, 'Asociación Anika', '', '');
INSERT INTO Entidad_Colaboradora (ID_Entidad_Colaboradora, Nombre, Domicilio, Telefono) VALUES (21, 'ASOCIACIÓN AYUDA SOCIAL PALABRAS DE PODER', 'Calle Tulipan,48', '');
INSERT INTO Entidad_Colaboradora (ID_Entidad_Colaboradora, Nombre, Domicilio, Telefono) VALUES (22, 'ASOCIACIÓN CENTRO DE VIDA CRISTIANA DE MALAGA', 'Camino de la Corta s/n
29010 - Málaga', '');
INSERT INTO Entidad_Colaboradora (ID_Entidad_Colaboradora, Nombre, Domicilio, Telefono) VALUES (23, 'ASOCIACIÓN CONTRA LA POBREZA Y EXCLUSION SOCIAL DE VELEZ-MALAGA', 'Plz de las Indias, 7
29700 Vélez-Málaga', '');
INSERT INTO Entidad_Colaboradora (ID_Entidad_Colaboradora, Nombre, Domicilio, Telefono) VALUES (24, 'ASOCIACIÓN CUDECA BENALMÁDENA', '', '');
INSERT INTO Entidad_Colaboradora (ID_Entidad_Colaboradora, Nombre, Domicilio, Telefono) VALUES (25, 'ASOCIACIÓN CULTURAL BENFICA 100.1 AMANECER', 'CALLE SALESIANOS ,6', '');
INSERT INTO Entidad_Colaboradora (ID_Entidad_Colaboradora, Nombre, Domicilio, Telefono) VALUES (26, 'ASOCIACIÓN EL VUELO DE LAS LIBELULAS', 'Avda Estrella de Mar, 18
29630 - Benalmádena, Málaga', '');
INSERT INTO Entidad_Colaboradora (ID_Entidad_Colaboradora, Nombre, Domicilio, Telefono) VALUES (27, 'Asociación Española Contra el Cancer', '', '');
INSERT INTO Entidad_Colaboradora (ID_Entidad_Colaboradora, Nombre, Domicilio, Telefono) VALUES (28, 'ASOCIACIÓN EVANGELICA GRAN LUZ', 'Pza. Hospital Civil
29009 - Málaga', '');
INSERT INTO Entidad_Colaboradora (ID_Entidad_Colaboradora, Nombre, Domicilio, Telefono) VALUES (29, 'ASOCIACIÓN MARROQUI', 'CALLE JINETES, NUM 5
29012 - Málaga', '');
INSERT INTO Entidad_Colaboradora (ID_Entidad_Colaboradora, Nombre, Domicilio, Telefono) VALUES (30, 'Asociación Mayores Anika', 'Plz de la Mezquita
Arroyo de la Miel, Benalmádena', '');
INSERT INTO Entidad_Colaboradora (ID_Entidad_Colaboradora, Nombre, Domicilio, Telefono) VALUES (31, 'ASOCIACIÓN NUEVA CULTURA DESARROLLO GITANO', 'Río Viñuela, 1-Villa Carmen 4
29651 Mijas Costa', '');
INSERT INTO Entidad_Colaboradora (ID_Entidad_Colaboradora, Nombre, Domicilio, Telefono) VALUES (32, 'ASOCIACIÓN PAPILIO', 'CAMINO VIEJO DE VÉLEZ,5
29738 - Torre de Benagalbon, Rincón de la Victoria, Málaga', '');
INSERT INTO Entidad_Colaboradora (ID_Entidad_Colaboradora, Nombre, Domicilio, Telefono) VALUES (33, 'Asociación Pastoral Los Bataneros', '', '');
INSERT INTO Entidad_Colaboradora (ID_Entidad_Colaboradora, Nombre, Domicilio, Telefono) VALUES (34, 'ASOCIACIÓN RED MADRE MALAGA', 'Jaboneros, 7
29009 - Málaga', '');
INSERT INTO Entidad_Colaboradora (ID_Entidad_Colaboradora, Nombre, Domicilio, Telefono) VALUES (35, 'ASOCIACIÓN SAN IGNACIO', 'C/ ABUL BEKA 15, 29004 malaga', '');
INSERT INTO Entidad_Colaboradora (ID_Entidad_Colaboradora, Nombre, Domicilio, Telefono) VALUES (36, 'ASOCIACIÓN SAN VICENTE DE PAUL', 'C/ Eucalipto. Iglesia de la Mosca', '');
INSERT INTO Entidad_Colaboradora (ID_Entidad_Colaboradora, Nombre, Domicilio, Telefono) VALUES (37, 'Asociación Sembrando Sonrisas', '', '');
INSERT INTO Entidad_Colaboradora (ID_Entidad_Colaboradora, Nombre, Domicilio, Telefono) VALUES (38, 'Asociación Terrazas', '', '');
INSERT INTO Entidad_Colaboradora (ID_Entidad_Colaboradora, Nombre, Domicilio, Telefono) VALUES (39, 'Aviva Comunidad Cristiana', 'Paseo Generalife, local 7
29630 Arroyo de la Miel', '');
INSERT INTO Entidad_Colaboradora (ID_Entidad_Colaboradora, Nombre, Domicilio, Telefono) VALUES (40, 'AYUNTAMIENTO DE ALAMEDA', 'PLAZA DE ESPAÑA, 5
29530 - Alameda, Málaga', '');
INSERT INTO Entidad_Colaboradora (ID_Entidad_Colaboradora, Nombre, Domicilio, Telefono) VALUES (41, 'AYUNTAMIENTO DE ALGARROBO', 'c/Antonio Ruiz Rivas, 2
29750', '');
INSERT INTO Entidad_Colaboradora (ID_Entidad_Colaboradora, Nombre, Domicilio, Telefono) VALUES (42, 'AYUNTAMIENTO DE ALGATOCIN', 'C/ FUENTE Nº 2
29491 - Algatocín, Málaga', '');
INSERT INTO Entidad_Colaboradora (ID_Entidad_Colaboradora, Nombre, Domicilio, Telefono) VALUES (43, 'AYUNTAMIENTO DE ALMACHAR', '', '');
INSERT INTO Entidad_Colaboradora (ID_Entidad_Colaboradora, Nombre, Domicilio, Telefono) VALUES (44, 'AYUNTAMIENTO DE ALMOGIA', 'Plz de la Constitución, s/n 29150 Almogía, Málaga', '');
INSERT INTO Entidad_Colaboradora (ID_Entidad_Colaboradora, Nombre, Domicilio, Telefono) VALUES (45, 'AYUNTAMIENTO DE ARCHIDONA', 'PLAZA OCHAVADA Nº1
29300 - Archidona, Málaga', '');
INSERT INTO Entidad_Colaboradora (ID_Entidad_Colaboradora, Nombre, Domicilio, Telefono) VALUES (46, 'AYUNTAMIENTO DE ARRIATE', 'Plz de la emigración Arriateña, s/n
29350 - Arriate, Málaga', '');
INSERT INTO Entidad_Colaboradora (ID_Entidad_Colaboradora, Nombre, Domicilio, Telefono) VALUES (47, 'AYUNTAMIENTO DE CASABERMEJA', 'C/ LLANETE DE ABAJO, 2
29160 - Casabermeja, Málaga', '');
INSERT INTO Entidad_Colaboradora (ID_Entidad_Colaboradora, Nombre, Domicilio, Telefono) VALUES (48, 'AYUNTAMIENTO DE CORTES DE LA FRONTERA', 'PLAZA CARLOS TERCERO
29380 - Cortes de la Frontera, Málaga', '');
INSERT INTO Entidad_Colaboradora (ID_Entidad_Colaboradora, Nombre, Domicilio, Telefono) VALUES (49, 'AYUNTAMIENTO DE FUENTE DE PIEDRA', 'Calle Ancha, 9                 29520 - Fuente de Piedra (Málaga)', '');
INSERT INTO Entidad_Colaboradora (ID_Entidad_Colaboradora, Nombre, Domicilio, Telefono) VALUES (50, 'AYUNTAMIENTO DE HUMILLADERO', 'Avda. El Emigrante, 1                       29531 Humilladero', '');
INSERT INTO Entidad_Colaboradora (ID_Entidad_Colaboradora, Nombre, Domicilio, Telefono) VALUES (51, 'AYUNTAMIENTO DE JUBRIQUE', 'CALLE CONSTITUCIÓN S/N.BAJOS AYUNTAMIENTO', '');
INSERT INTO Entidad_Colaboradora (ID_Entidad_Colaboradora, Nombre, Domicilio, Telefono) VALUES (52, 'AYUNTAMIENTO DE MANILVA', 'Calle Mar, 34
29691 Manilva, Málaga, España', '');
INSERT INTO Entidad_Colaboradora (ID_Entidad_Colaboradora, Nombre, Domicilio, Telefono) VALUES (53, 'Ayuntamiento de Mijas', '', '');
INSERT INTO Entidad_Colaboradora (ID_Entidad_Colaboradora, Nombre, Domicilio, Telefono) VALUES (54, 'AYUNTAMIENTO DE MOCLINEJO', '', '');
INSERT INTO Entidad_Colaboradora (ID_Entidad_Colaboradora, Nombre, Domicilio, Telefono) VALUES (55, 'AYUNTAMIENTO DE MOLLINA', 'CALLE DE LA ALAMEDA, 1
29532 - Mollina, Málaga', '');
INSERT INTO Entidad_Colaboradora (ID_Entidad_Colaboradora, Nombre, Domicilio, Telefono) VALUES (56, 'AYUNTAMIENTO DE MONTEJAQUE', 'Plz Constitución, 4
29360 - Montejaque, Málaga', '');
INSERT INTO Entidad_Colaboradora (ID_Entidad_Colaboradora, Nombre, Domicilio, Telefono) VALUES (57, 'AYUNTAMIENTO DE OJEN', 'Camino Marbella, 3
29610 Ojén, Málaga', '');
INSERT INTO Entidad_Colaboradora (ID_Entidad_Colaboradora, Nombre, Domicilio, Telefono) VALUES (58, 'AYUNTAMIENTO DE SIERRA DE YEGUAS', 'Plz Andalucia, 1            29328 - Sierra de Yeguas (Málaga)', '');
INSERT INTO Entidad_Colaboradora (ID_Entidad_Colaboradora, Nombre, Domicilio, Telefono) VALUES (59, 'AYUNTAMIENTO DE TEBA', 'Pl. de la Constitución, 13, 29327 Teba, Málaga', '');
INSERT INTO Entidad_Colaboradora (ID_Entidad_Colaboradora, Nombre, Domicilio, Telefono) VALUES (60, 'AYUNTAMIENTO DE TORROX', 'Plz de la Constitución, 1
29793 Torrox', '');
INSERT INTO Entidad_Colaboradora (ID_Entidad_Colaboradora, Nombre, Domicilio, Telefono) VALUES (61, 'AYUNTAMIENTO DE VILLANUEVA  DEL TRABUCO', 'Plaza del Prado, 1
29313 - Villanueva del Trabuco, Málaga', '');
INSERT INTO Entidad_Colaboradora (ID_Entidad_Colaboradora, Nombre, Domicilio, Telefono) VALUES (62, 'AYUNTAMIENTO DE VILLANUEVA DE ALGAIDAS', 'C/ Constitución, 16          29310 - Villanueva de Algaidas (Málaga)', '');
INSERT INTO Entidad_Colaboradora (ID_Entidad_Colaboradora, Nombre, Domicilio, Telefono) VALUES (63, 'AYUNTAMIENTO DEL VALLE DE ABDALAJIS', 'Calle Alameda, 2
29240 Valle de Abdalajís, Málaga', '');
INSERT INTO Entidad_Colaboradora (ID_Entidad_Colaboradora, Nombre, Domicilio, Telefono) VALUES (64, 'BUENAS NUEVAS IGLESIA EVANGELICA', 'Camino San Rafael, 91
29006 Málaga', '');
INSERT INTO Entidad_Colaboradora (ID_Entidad_Colaboradora, Nombre, Domicilio, Telefono) VALUES (65, 'Caixa Bank-Voluntariado', '', '');
INSERT INTO Entidad_Colaboradora (ID_Entidad_Colaboradora, Nombre, Domicilio, Telefono) VALUES (66, 'Cáritas Calvario', '', '');
INSERT INTO Entidad_Colaboradora (ID_Entidad_Colaboradora, Nombre, Domicilio, Telefono) VALUES (67, 'CARITAS CALVARIO - MARBELLA', 'Calle del Calvario, s/n
29601 Marbella', '');
INSERT INTO Entidad_Colaboradora (ID_Entidad_Colaboradora, Nombre, Domicilio, Telefono) VALUES (68, 'CARITAS CASTRENSE', 'C/ Casas de Campos,18.Bajo Izq
29001 - Málaga', '');
INSERT INTO Entidad_Colaboradora (ID_Entidad_Colaboradora, Nombre, Domicilio, Telefono) VALUES (69, 'CARITAS DIOCESANA - HOGAR POZO DULCE', 'C/ Pozos Dulces, - 29008 - Málaga', '');
INSERT INTO Entidad_Colaboradora (ID_Entidad_Colaboradora, Nombre, Domicilio, Telefono) VALUES (70, 'CAritas Encarnación Alhaurín el Grande', 'Plz Baja, 6,', '');
INSERT INTO Entidad_Colaboradora (ID_Entidad_Colaboradora, Nombre, Domicilio, Telefono) VALUES (71, 'CARITAS IGLESIA DEL CARMEN', '', '');
INSERT INTO Entidad_Colaboradora (ID_Entidad_Colaboradora, Nombre, Domicilio, Telefono) VALUES (72, 'CARITAS NUEVA ANDALUCIA - MARBELLA', 'Avda. Gustavo Adolfo Bécquer, 40
29660 Nueva Andalucía', '');
INSERT INTO Entidad_Colaboradora (ID_Entidad_Colaboradora, Nombre, Domicilio, Telefono) VALUES (73, 'CARITAS PARROQUIAL SANTO TOMÁS DE AQUINO', 'Calle Salvador Dalí, 3
29009 - Málaga', '');
INSERT INTO Entidad_Colaboradora (ID_Entidad_Colaboradora, Nombre, Domicilio, Telefono) VALUES (74, 'Caritas Purisima', 'Rampa de la Aurora, 3, 29009 Málaga', '');
INSERT INTO Entidad_Colaboradora (ID_Entidad_Colaboradora, Nombre, Domicilio, Telefono) VALUES (75, 'CARITAS PURISIMA CONCEPCION. MALAGA', 'Plz Prudencio Jiménez, 1
29010 - Málaga', '');
INSERT INTO Entidad_Colaboradora (ID_Entidad_Colaboradora, Nombre, Domicilio, Telefono) VALUES (76, 'Caritas San Antonio Ronda', 'c/ Pozo, 4', '');
INSERT INTO Entidad_Colaboradora (ID_Entidad_Colaboradora, Nombre, Domicilio, Telefono) VALUES (77, 'CARITAS SAN JOSE DE ESTEPONA', 'Mariana Pineda, 1
29680 - Estepona, Málaga', '');
INSERT INTO Entidad_Colaboradora (ID_Entidad_Colaboradora, Nombre, Domicilio, Telefono) VALUES (78, 'Caritas Socorro Catequistas Ronda', '', '');
INSERT INTO Entidad_Colaboradora (ID_Entidad_Colaboradora, Nombre, Domicilio, Telefono) VALUES (79, 'Caritas Torrox', '', '');
INSERT INTO Entidad_Colaboradora (ID_Entidad_Colaboradora, Nombre, Domicilio, Telefono) VALUES (80, 'CARITAS VIRGEN DEL ROCIO - SAN PEDRO ALCANTARA', 'Avda. Virgen del Rocío, 25
29670 San Pedro de Alcántara', '');
INSERT INTO Entidad_Colaboradora (ID_Entidad_Colaboradora, Nombre, Domicilio, Telefono) VALUES (81, 'CARMELITAS MISIONERAS COMUNIDAD DE RELIGIOSAS SANTA TERESA', 'Avda. del Carmelo, 12                              29620 Torremolinos, Malaga', '');
INSERT INTO Entidad_Colaboradora (ID_Entidad_Colaboradora, Nombre, Domicilio, Telefono) VALUES (82, 'Casa Luna', '', '');
INSERT INTO Entidad_Colaboradora (ID_Entidad_Colaboradora, Nombre, Domicilio, Telefono) VALUES (83, 'CASA MENGA ASOC', 'Plz de Capuchinos, 2
Antequera', '');
INSERT INTO Entidad_Colaboradora (ID_Entidad_Colaboradora, Nombre, Domicilio, Telefono) VALUES (84, 'CASA SALESIANA-COLEGIO SAGRDO CORAZON DE JESUS', 'Carretera de Campillos,S/N', '');
INSERT INTO Entidad_Colaboradora (ID_Entidad_Colaboradora, Nombre, Domicilio, Telefono) VALUES (85, 'Catequistas Caleta de Vélez', '', '');
INSERT INTO Entidad_Colaboradora (ID_Entidad_Colaboradora, Nombre, Domicilio, Telefono) VALUES (86, 'Catequistas La Paz', '', '');
INSERT INTO Entidad_Colaboradora (ID_Entidad_Colaboradora, Nombre, Domicilio, Telefono) VALUES (87, 'CENTRO ACOGIDA DE SAN JUAN DE DIOS', 'Plazuela de San Juan de Dios, 2             29008 Málaga', '');
INSERT INTO Entidad_Colaboradora (ID_Entidad_Colaboradora, Nombre, Domicilio, Telefono) VALUES (88, 'CEPER Palmilla', 'C. Antonio María Isola, 2, Palma-Palmilla, 29011 Málaga', '');
INSERT INTO Entidad_Colaboradora (ID_Entidad_Colaboradora, Nombre, Domicilio, Telefono) VALUES (89, 'CESMA CENTRO ESPAÑOL DE SOLIDARIDAD DE MALAGA ALGARROBO-AXARQUIA', 'Carretera Algarrobo, Km 1', '');
INSERT INTO Entidad_Colaboradora (ID_Entidad_Colaboradora, Nombre, Domicilio, Telefono) VALUES (90, 'CIUDAD DE LOS NIÑOS - HERMANOS OBREROS DE MARIA', 'Finca Los Asperones, s/n  - 29010 - Málaga', '');
INSERT INTO Entidad_Colaboradora (ID_Entidad_Colaboradora, Nombre, Domicilio, Telefono) VALUES (91, 'Club Leones Málaga Ilusión', 'c/ De la Era, 18', '');
INSERT INTO Entidad_Colaboradora (ID_Entidad_Colaboradora, Nombre, Domicilio, Telefono) VALUES (92, 'Club Leones Marbella', 'Carretera A7, Km 166.15 - Ur Saladi, en Estepona (Málaga).', '');
INSERT INTO Entidad_Colaboradora (ID_Entidad_Colaboradora, Nombre, Domicilio, Telefono) VALUES (93, 'Cofradía Cautivo', 'Parroquia de San Miguel Arcángel, calle Las Mercedes, 7, Benalmádena Pueblo', '');
INSERT INTO Entidad_Colaboradora (ID_Entidad_Colaboradora, Nombre, Domicilio, Telefono) VALUES (94, 'Cofradía Estudiantes Antequera', 'Pl. San Francisco, 29, 29200 Antequera, Málaga', '');
INSERT INTO Entidad_Colaboradora (ID_Entidad_Colaboradora, Nombre, Domicilio, Telefono) VALUES (95, 'Cofradía Estudiantes Málaga', 'C/ Alcazabilla, 3
29015 Málaga', '');
INSERT INTO Entidad_Colaboradora (ID_Entidad_Colaboradora, Nombre, Domicilio, Telefono) VALUES (96, 'Cofradía Mayor Dolor Antequera', 'Infante don Fernando, 70, en Antequera, Málaga.', '');
INSERT INTO Entidad_Colaboradora (ID_Entidad_Colaboradora, Nombre, Domicilio, Telefono) VALUES (97, 'Cofradía Nuestra Señora Socorro Antequera', '', '');
INSERT INTO Entidad_Colaboradora (ID_Entidad_Colaboradora, Nombre, Domicilio, Telefono) VALUES (98, 'Colegio Alborán', 'Lugar Urbanización Ricmar, s/n, 29604 Marbella, Málaga', '');
INSERT INTO Entidad_Colaboradora (ID_Entidad_Colaboradora, Nombre, Domicilio, Telefono) VALUES (99, 'Colegio Atalaya', '', '');
INSERT INTO Entidad_Colaboradora (ID_Entidad_Colaboradora, Nombre, Domicilio, Telefono) VALUES (100, 'Colegio Ecos', 'C/ Velázquez 7 - Urb. Elviria', '');
INSERT INTO Entidad_Colaboradora (ID_Entidad_Colaboradora, Nombre, Domicilio, Telefono) VALUES (101, 'Colegio El Divino Pastor', 'C. Gaucín, S/N, Carretera de Cádiz, 29003 Málaga', '');
INSERT INTO Entidad_Colaboradora (ID_Entidad_Colaboradora, Nombre, Domicilio, Telefono) VALUES (102, 'Colegio El Monte', 'C. Ferrándiz, 54-56, Distrito Centro, 29012 Málaga', '');
INSERT INTO Entidad_Colaboradora (ID_Entidad_Colaboradora, Nombre, Domicilio, Telefono) VALUES (103, 'Colegio Escuelas Ave María', 'Av de Sor Teresa Prat, 51, Carretera de Cádiz, 29003 Málaga', '');
INSERT INTO Entidad_Colaboradora (ID_Entidad_Colaboradora, Nombre, Domicilio, Telefono) VALUES (104, 'COLEGIO LA MILAGROSA-HIJAS DE LA CARIDAD - EL PALO', 'PLAZA VIRGEN MILAGROSA 11, 29017 - Málaga', '');
INSERT INTO Entidad_Colaboradora (ID_Entidad_Colaboradora, Nombre, Domicilio, Telefono) VALUES (105, 'Colegio Los Olivos', 'C. Julio Verne, 8, Puerto de la Torre, 29190 Málaga', '');
INSERT INTO Entidad_Colaboradora (ID_Entidad_Colaboradora, Nombre, Domicilio, Telefono) VALUES (106, 'Colegio María Auxiliadora', 'Plz San Bernabé nº 7', '');
INSERT INTO Entidad_Colaboradora (ID_Entidad_Colaboradora, Nombre, Domicilio, Telefono) VALUES (107, 'Colegio Novaschool', '', '');
INSERT INTO Entidad_Colaboradora (ID_Entidad_Colaboradora, Nombre, Domicilio, Telefono) VALUES (108, 'Colegio Rosario Moreno (APA)', 'C. Júcar, 16, Carretera de Cádiz, 29004 Málaga', '');
INSERT INTO Entidad_Colaboradora (ID_Entidad_Colaboradora, Nombre, Domicilio, Telefono) VALUES (109, 'Colegio Salesiano', '', '');
INSERT INTO Entidad_Colaboradora (ID_Entidad_Colaboradora, Nombre, Domicilio, Telefono) VALUES (110, 'Colegio San José Obrero - Carranque', 'Calle Emilio Benavent, 1', '');
INSERT INTO Entidad_Colaboradora (ID_Entidad_Colaboradora, Nombre, Domicilio, Telefono) VALUES (111, 'Colegio Santa Rosa de Lima', 'C. Julio Verne, 8, Puerto de la Torre, 29190 Málaga', '');
INSERT INTO Entidad_Colaboradora (ID_Entidad_Colaboradora, Nombre, Domicilio, Telefono) VALUES (112, 'Colegio Teresianas', 'Calle Monte de Sancha, Nº 38, 29016, 29016 Málaga', '');
INSERT INTO Entidad_Colaboradora (ID_Entidad_Colaboradora, Nombre, Domicilio, Telefono) VALUES (113, 'Colegio Torrequebrada', 'C. Rda. Del Golf Este, 7, 11', '');
INSERT INTO Entidad_Colaboradora (ID_Entidad_Colaboradora, Nombre, Domicilio, Telefono) VALUES (114, 'COMEDOR SOCIAL ADE RONDA', 'C/ Infantes, 51
29400 Ronda', '');
INSERT INTO Entidad_Colaboradora (ID_Entidad_Colaboradora, Nombre, Domicilio, Telefono) VALUES (115, 'COMEDOR SOCIAL HIJAS DE LA CARIDAD', 'C/ ARLANZA Nº 7
29011 - Málaga', '');
INSERT INTO Entidad_Colaboradora (ID_Entidad_Colaboradora, Nombre, Domicilio, Telefono) VALUES (116, 'COMEDOR SOCIAL YO SOY TU', 'Calle Moreno Nieto, 18
29011 Málaga', '');
INSERT INTO Entidad_Colaboradora (ID_Entidad_Colaboradora, Nombre, Domicilio, Telefono) VALUES (117, 'Compañía de la Cruz Málaga', '', '');
INSERT INTO Entidad_Colaboradora (ID_Entidad_Colaboradora, Nombre, Domicilio, Telefono) VALUES (118, 'COMUNIDAD RR ADORATRICES CASA EN MÁLAGA', 'Santa María Micaela, s/n
29013 Málaga', '');
INSERT INTO Entidad_Colaboradora (ID_Entidad_Colaboradora, Nombre, Domicilio, Telefono) VALUES (119, 'COMUNIDAD SANTA ROSALÍA', 'Calle Bernardo de Balbuena,3
29591 - Santa Rosalía, Málaga', '');
INSERT INTO Entidad_Colaboradora (ID_Entidad_Colaboradora, Nombre, Domicilio, Telefono) VALUES (120, 'CONVENTO NUESTRA SEÑORA DE LA PAZ. CLARISAS TRINIDAD', 'Plz Zumaya, 5
29009 - Málaga', '');
INSERT INTO Entidad_Colaboradora (ID_Entidad_Colaboradora, Nombre, Domicilio, Telefono) VALUES (121, 'COOPERACIÓN INTERNACIONAL', 'Club Maestranza. Avenida de las Caballerizas, Limonar', '');
INSERT INTO Entidad_Colaboradora (ID_Entidad_Colaboradora, Nombre, Domicilio, Telefono) VALUES (122, 'CORAJE SOLIDARIO', 'Calle Sta. Isabel 15
29640 Fuengirola, Málaga', '');
INSERT INTO Entidad_Colaboradora (ID_Entidad_Colaboradora, Nombre, Domicilio, Telefono) VALUES (123, 'CORAZONES MALAGUEÑOS', 'CAMINO DE SAN RAFAEL', '');
INSERT INTO Entidad_Colaboradora (ID_Entidad_Colaboradora, Nombre, Domicilio, Telefono) VALUES (124, 'Coro Luz del Alba', 'C. Pintor Cipriano Maldonado, 29740 Torre del Mar, Málaga', '');
INSERT INTO Entidad_Colaboradora (ID_Entidad_Colaboradora, Nombre, Domicilio, Telefono) VALUES (125, 'COTOLENGO FUNDACION CASA DEL SAGRADO CORAZON DE JESUS', 'c/ López Pinto
29002 - Málaga', '');
INSERT INTO Entidad_Colaboradora (ID_Entidad_Colaboradora, Nombre, Domicilio, Telefono) VALUES (126, 'CSIF', '', '');
INSERT INTO Entidad_Colaboradora (ID_Entidad_Colaboradora, Nombre, Domicilio, Telefono) VALUES (127, 'Dacesalduba', '', '');
INSERT INTO Entidad_Colaboradora (ID_Entidad_Colaboradora, Nombre, Domicilio, Telefono) VALUES (128, 'DESARROLLO E INTEGRACION DIEZ 42', 'Av.Andalucia, 27-Local 7A
29010 Málaga', '');
INSERT INTO Entidad_Colaboradora (ID_Entidad_Colaboradora, Nombre, Domicilio, Telefono) VALUES (129, 'EMAUS OBRA DE AMOR COMEDOR SOCIAL VELEZ-MALAGA', 'C/ Esperanza nº 15
29700 Vélez- Málaga', '');
INSERT INTO Entidad_Colaboradora (ID_Entidad_Colaboradora, Nombre, Domicilio, Telefono) VALUES (130, 'EMAUS, OBRA DE AMOR ESTEPONA', 'Calle del Naranjo, 5
29680 - Estepona, Málaga', '');
INSERT INTO Entidad_Colaboradora (ID_Entidad_Colaboradora, Nombre, Domicilio, Telefono) VALUES (131, 'EMAUS, OBRA DE AMOR TORREMOLINOS', 'C/ CRUZ Nº 5, 1º
29620 - Torremolinos, Málaga', '');
INSERT INTO Entidad_Colaboradora (ID_Entidad_Colaboradora, Nombre, Domicilio, Telefono) VALUES (132, 'Encuentro', 'C. Arbequín, Bloque 5, bajo 8', '');
INSERT INTO Entidad_Colaboradora (ID_Entidad_Colaboradora, Nombre, Domicilio, Telefono) VALUES (133, 'Escuela Fútbol Atlético Marbellí', 'C. Ricardo Lucena Sola, s/n', '');
INSERT INTO Entidad_Colaboradora (ID_Entidad_Colaboradora, Nombre, Domicilio, Telefono) VALUES (134, 'Escuela Oficial de Idiomas', 'Calle Alfredo Palma, 32, bajo (Edificio Feria)', '');
INSERT INTO Entidad_Colaboradora (ID_Entidad_Colaboradora, Nombre, Domicilio, Telefono) VALUES (135, 'ESPAI', '', '');
INSERT INTO Entidad_Colaboradora (ID_Entidad_Colaboradora, Nombre, Domicilio, Telefono) VALUES (136, 'Familia Luque Cañizares', 'Huelin', '');
INSERT INTO Entidad_Colaboradora (ID_Entidad_Colaboradora, Nombre, Domicilio, Telefono) VALUES (137, 'Familia Obdulia', '', '');
INSERT INTO Entidad_Colaboradora (ID_Entidad_Colaboradora, Nombre, Domicilio, Telefono) VALUES (138, 'Familia: Berthe Nicole Ries', '', '');
INSERT INTO Entidad_Colaboradora (ID_Entidad_Colaboradora, Nombre, Domicilio, Telefono) VALUES (139, 'Federación de Peñas', '', '');
INSERT INTO Entidad_Colaboradora (ID_Entidad_Colaboradora, Nombre, Domicilio, Telefono) VALUES (140, 'FIBROMIALGIA - ASOC DE FIBROMIALGIA Y FATIGA CRONICA DE ARRIATE', 'C/ LA FABRICA S/N
29350 - Arriate, Málaga', '');
INSERT INTO Entidad_Colaboradora (ID_Entidad_Colaboradora, Nombre, Domicilio, Telefono) VALUES (141, 'FIBROMIALGIA ARRIATE', '', '');
INSERT INTO Entidad_Colaboradora (ID_Entidad_Colaboradora, Nombre, Domicilio, Telefono) VALUES (142, 'Fibromialgia Benalmádena', '', '');
INSERT INTO Entidad_Colaboradora (ID_Entidad_Colaboradora, Nombre, Domicilio, Telefono) VALUES (143, 'FUNDACIÓN BENÉFICA VIRGEN DE VALVANUZ', 'Huerto de los Claveles, 7 - Bajo 7
29013 - Málaga', '');
INSERT INTO Entidad_Colaboradora (ID_Entidad_Colaboradora, Nombre, Domicilio, Telefono) VALUES (144, 'Fundación Cánovas del Castillo', 'C/ San Millán, 12, Málaga, con código postal 29013', '');
INSERT INTO Entidad_Colaboradora (ID_Entidad_Colaboradora, Nombre, Domicilio, Telefono) VALUES (145, 'FUNDACION DE LEONES. TORREMOLINOS', 'Calle Tiépolo.S/N.Local 5 y 6
29620 - Torremolinos, Málaga', '');
INSERT INTO Entidad_Colaboradora (ID_Entidad_Colaboradora, Nombre, Domicilio, Telefono) VALUES (146, 'FUNDACION LA MERCED MIGRACIONES', 'Plz de las Flores,5
29005 Málaga', '');
INSERT INTO Entidad_Colaboradora (ID_Entidad_Colaboradora, Nombre, Domicilio, Telefono) VALUES (147, 'FUNDACION PROLIBERTAS', 'Cruz Blanca, 25
29200 - Antequera, Málaga', '');
INSERT INTO Entidad_Colaboradora (ID_Entidad_Colaboradora, Nombre, Domicilio, Telefono) VALUES (148, 'Golf Solidario', '', '');
INSERT INTO Entidad_Colaboradora (ID_Entidad_Colaboradora, Nombre, Domicilio, Telefono) VALUES (149, 'Grupo 3ª Edad Mariana Chacón', '', '');
INSERT INTO Entidad_Colaboradora (ID_Entidad_Colaboradora, Nombre, Domicilio, Telefono) VALUES (150, 'Grupo Animalista Benalmádena', '', '');
INSERT INTO Entidad_Colaboradora (ID_Entidad_Colaboradora, Nombre, Domicilio, Telefono) VALUES (151, 'Grupo B4L (Baloncesto for Life)', '', '');
INSERT INTO Entidad_Colaboradora (ID_Entidad_Colaboradora, Nombre, Domicilio, Telefono) VALUES (152, 'Grupo Bancosol-(Insersión Carolina)', '', '');
INSERT INTO Entidad_Colaboradora (ID_Entidad_Colaboradora, Nombre, Domicilio, Telefono) VALUES (153, 'Grupo Bancosol-(Insersión María)', '', '');
INSERT INTO Entidad_Colaboradora (ID_Entidad_Colaboradora, Nombre, Domicilio, Telefono) VALUES (154, 'Grupo Cecilia Loor', '', '');
INSERT INTO Entidad_Colaboradora (ID_Entidad_Colaboradora, Nombre, Domicilio, Telefono) VALUES (155, 'Grupo de Soledad (Siervas de María)', '', '');
INSERT INTO Entidad_Colaboradora (ID_Entidad_Colaboradora, Nombre, Domicilio, Telefono) VALUES (156, 'Grupo Hugo y Ecos', '', '');
INSERT INTO Entidad_Colaboradora (ID_Entidad_Colaboradora, Nombre, Domicilio, Telefono) VALUES (157, 'Grupo Maskom Antequera', '', '');
INSERT INTO Entidad_Colaboradora (ID_Entidad_Colaboradora, Nombre, Domicilio, Telefono) VALUES (158, 'Grupo Maskom c/sidra', '', '');
INSERT INTO Entidad_Colaboradora (ID_Entidad_Colaboradora, Nombre, Domicilio, Telefono) VALUES (159, 'Grupo Mercadona Antequera Parquesol', '', '');
INSERT INTO Entidad_Colaboradora (ID_Entidad_Colaboradora, Nombre, Domicilio, Telefono) VALUES (160, 'Grupo Mercadona Benalmádena SalvadorVicenteMaravillas', '', '');
INSERT INTO Entidad_Colaboradora (ID_Entidad_Colaboradora, Nombre, Domicilio, Telefono) VALUES (161, 'Grupo Miriam', '', '');
INSERT INTO Entidad_Colaboradora (ID_Entidad_Colaboradora, Nombre, Domicilio, Telefono) VALUES (162, 'Grupo SAFA-ICET', '', '');
INSERT INTO Entidad_Colaboradora (ID_Entidad_Colaboradora, Nombre, Domicilio, Telefono) VALUES (163, 'Grupo Salvador Ruiz', '', '');
INSERT INTO Entidad_Colaboradora (ID_Entidad_Colaboradora, Nombre, Domicilio, Telefono) VALUES (164, 'Grupo Servicios Sociales Arriate', '', '');
INSERT INTO Entidad_Colaboradora (ID_Entidad_Colaboradora, Nombre, Domicilio, Telefono) VALUES (165, 'Grupo Teología', '', '');
INSERT INTO Entidad_Colaboradora (ID_Entidad_Colaboradora, Nombre, Domicilio, Telefono) VALUES (166, 'Grupo Universidad De Mayores', '', '');
INSERT INTO Entidad_Colaboradora (ID_Entidad_Colaboradora, Nombre, Domicilio, Telefono) VALUES (167, 'Guadalpín y voluntarios varios', '', '');
INSERT INTO Entidad_Colaboradora (ID_Entidad_Colaboradora, Nombre, Domicilio, Telefono) VALUES (168, 'Guardia Civil', '', '');
INSERT INTO Entidad_Colaboradora (ID_Entidad_Colaboradora, Nombre, Domicilio, Telefono) VALUES (169, 'Guardia Civil', '', '');
INSERT INTO Entidad_Colaboradora (ID_Entidad_Colaboradora, Nombre, Domicilio, Telefono) VALUES (170, 'HERMANAS DE LA COMPAÑIA DE LA CRUZ (PIZARRA)', 'Alta, 8
29560  Pizarra', '');
INSERT INTO Entidad_Colaboradora (ID_Entidad_Colaboradora, Nombre, Domicilio, Telefono) VALUES (171, 'HERMANAS DE LA CRUZ RONDA', 'Plz Duquesa de Parcent, 7
29400 - Ronda, Málaga', '');
INSERT INTO Entidad_Colaboradora (ID_Entidad_Colaboradora, Nombre, Domicilio, Telefono) VALUES (172, 'Hermandad Cautivo y Santa Marta', '', '');
INSERT INTO Entidad_Colaboradora (ID_Entidad_Colaboradora, Nombre, Domicilio, Telefono) VALUES (173, 'Hermandad Cristo del Amor', '', '');
INSERT INTO Entidad_Colaboradora (ID_Entidad_Colaboradora, Nombre, Domicilio, Telefono) VALUES (174, 'Hermandad de la Crucifixión', 'C. Diego de Siloé, 8, Distrito Centro, 29013 Málaga', '');
INSERT INTO Entidad_Colaboradora (ID_Entidad_Colaboradora, Nombre, Domicilio, Telefono) VALUES (175, 'Hermandad de Nuestra Señora de la Piedad', 'Calle Alderete, 3, Distrito Centro, 29013 Málaga', '');
INSERT INTO Entidad_Colaboradora (ID_Entidad_Colaboradora, Nombre, Domicilio, Telefono) VALUES (176, 'Hermandad del Rocío Ronda', '', '');
INSERT INTO Entidad_Colaboradora (ID_Entidad_Colaboradora, Nombre, Domicilio, Telefono) VALUES (177, 'Hermandad del Santo Traslado', 'C. Trinidad, 72, Distrito Centro, 29009 Málaga', '');
INSERT INTO Entidad_Colaboradora (ID_Entidad_Colaboradora, Nombre, Domicilio, Telefono) VALUES (178, 'Hermandad La Paloma', 'Pl. de San Francisco, s/n, Distrito Centro, 29008 Málaga', '');
INSERT INTO Entidad_Colaboradora (ID_Entidad_Colaboradora, Nombre, Domicilio, Telefono) VALUES (179, 'Hermandad Melosas y Protegidas Torre del Mar', '', '');
INSERT INTO Entidad_Colaboradora (ID_Entidad_Colaboradora, Nombre, Domicilio, Telefono) VALUES (180, 'Hermandad Nazareno Benalmádena', 'C/ Santo Domingo, 16 | Benalmádena (MÁLAGA).', '');
INSERT INTO Entidad_Colaboradora (ID_Entidad_Colaboradora, Nombre, Domicilio, Telefono) VALUES (181, 'Hermandad Santo Entierro Ronda', '', '');
INSERT INTO Entidad_Colaboradora (ID_Entidad_Colaboradora, Nombre, Domicilio, Telefono) VALUES (182, 'Hermandad Soledad Ronda', '', '');
INSERT INTO Entidad_Colaboradora (ID_Entidad_Colaboradora, Nombre, Domicilio, Telefono) VALUES (183, 'Hermandad Virgen Alegria', 'Plz Caouchinos, 7
29014 - Málaga', '');
INSERT INTO Entidad_Colaboradora (ID_Entidad_Colaboradora, Nombre, Domicilio, Telefono) VALUES (184, 'Hermandad Virgen Araceli', '', '');
INSERT INTO Entidad_Colaboradora (ID_Entidad_Colaboradora, Nombre, Domicilio, Telefono) VALUES (185, 'Hermandad Virgen de la Sierra', '', '');
INSERT INTO Entidad_Colaboradora (ID_Entidad_Colaboradora, Nombre, Domicilio, Telefono) VALUES (186, 'Hermandad Virgen del Carmen de Torre del Mar', 'C/ Infantes, nº 2- Bajo  29740- Torre del Mar (Málaga)', '');
INSERT INTO Entidad_Colaboradora (ID_Entidad_Colaboradora, Nombre, Domicilio, Telefono) VALUES (187, 'Hermandad Virgen del Rocío Torre del Mar', '', '');
INSERT INTO Entidad_Colaboradora (ID_Entidad_Colaboradora, Nombre, Domicilio, Telefono) VALUES (188, 'Hermandad Virgen del Rocío Vélez-Málaga', 'C/ Ferrocarril, 5
Velez Málaga', '');
INSERT INTO Entidad_Colaboradora (ID_Entidad_Colaboradora, Nombre, Domicilio, Telefono) VALUES (189, 'HERMANITAS DE LOS POBRES DE RONDA', 'Av. Poeta Rilke, 2 B
29400 - Ronda, Málaga', '');
INSERT INTO Entidad_Colaboradora (ID_Entidad_Colaboradora, Nombre, Domicilio, Telefono) VALUES (190, 'Hidralia', '', '');
INSERT INTO Entidad_Colaboradora (ID_Entidad_Colaboradora, Nombre, Domicilio, Telefono) VALUES (191, 'HOGAR BETANIA', 'C/ Dos Aceras,18
29012 - Málaga', '');
INSERT INTO Entidad_Colaboradora (ID_Entidad_Colaboradora, Nombre, Domicilio, Telefono) VALUES (192, 'Hola! Sol Marbella', '', '');
INSERT INTO Entidad_Colaboradora (ID_Entidad_Colaboradora, Nombre, Domicilio, Telefono) VALUES (193, 'IES Cerro del Viento', 'Av. Cerro del Viento, 11, 29631 Benalmádena, Málaga', '');
INSERT INTO Entidad_Colaboradora (ID_Entidad_Colaboradora, Nombre, Domicilio, Telefono) VALUES (194, 'IES Guadalpín', 'Bulevar Principe Alfonso de Hohenlohe, s/n, 29602 Marbella, Málaga', '');
INSERT INTO Entidad_Colaboradora (ID_Entidad_Colaboradora, Nombre, Domicilio, Telefono) VALUES (195, 'IES María Zambrano', 'C. Pintor Cipriano Maldonado, 8, 29740 Torre del Mar, Málaga', '');
INSERT INTO Entidad_Colaboradora (ID_Entidad_Colaboradora, Nombre, Domicilio, Telefono) VALUES (196, 'IES Pérez de Guzmán', 'C. Dolores Ibárruri, 3, 29400 Ronda, Málaga', '');
INSERT INTO Entidad_Colaboradora (ID_Entidad_Colaboradora, Nombre, Domicilio, Telefono) VALUES (197, 'IES Reyes Católicos', 'Av. Vivar Téllez, 42
29700 Vélez-Málaga, Málaga', '');
INSERT INTO Entidad_Colaboradora (ID_Entidad_Colaboradora, Nombre, Domicilio, Telefono) VALUES (198, 'IES Rosaleda', 'Av. de Luis Buñuel, 8, Palma-Palmilla, 29011 Málaga', '');
INSERT INTO Entidad_Colaboradora (ID_Entidad_Colaboradora, Nombre, Domicilio, Telefono) VALUES (199, 'IES Sierrabermeja', '', '');
INSERT INTO Entidad_Colaboradora (ID_Entidad_Colaboradora, Nombre, Domicilio, Telefono) VALUES (200, 'Iglesia Evangélica Hdad del Huerto Ronda', '', '');
INSERT INTO Entidad_Colaboradora (ID_Entidad_Colaboradora, Nombre, Domicilio, Telefono) VALUES (201, 'Iglesia Evangélica Luz Del Mundo', 'C. Serenata, 29603 Marbella, Málaga', '');
INSERT INTO Entidad_Colaboradora (ID_Entidad_Colaboradora, Nombre, Domicilio, Telefono) VALUES (202, 'Iglesia Evangélica Marbella', '', '');
INSERT INTO Entidad_Colaboradora (ID_Entidad_Colaboradora, Nombre, Domicilio, Telefono) VALUES (203, 'Iglesia Evangélica Monte de los Olivos', 'Avda. Andalucucía, 33', '');
INSERT INTO Entidad_Colaboradora (ID_Entidad_Colaboradora, Nombre, Domicilio, Telefono) VALUES (204, 'Iglesia Evangélica Renacer Axarquía', 'c/ Paralela de la Estación, 21
29700 - Vélez Málaga', '');
INSERT INTO Entidad_Colaboradora (ID_Entidad_Colaboradora, Nombre, Domicilio, Telefono) VALUES (205, 'Iglesia Evangélica Renacer Torrox', '', '');
INSERT INTO Entidad_Colaboradora (ID_Entidad_Colaboradora, Nombre, Domicilio, Telefono) VALUES (206, 'Iglesia Evangélica Senda de Amor', '', '');
INSERT INTO Entidad_Colaboradora (ID_Entidad_Colaboradora, Nombre, Domicilio, Telefono) VALUES (207, 'Inmobiliaria Century 21', '', '');
INSERT INTO Entidad_Colaboradora (ID_Entidad_Colaboradora, Nombre, Domicilio, Telefono) VALUES (208, 'INSERTA ANDALUCIA', 'CALLE JOSÉ PALANCA 1
29003 - Málaga', '');
INSERT INTO Entidad_Colaboradora (ID_Entidad_Colaboradora, Nombre, Domicilio, Telefono) VALUES (209, 'INTEGRACIÓN PARA LA VIDA "INPAVI"', 'Camino de la Corta s/n', '');
INSERT INTO Entidad_Colaboradora (ID_Entidad_Colaboradora, Nombre, Domicilio, Telefono) VALUES (210, 'Isabel Vargas Trobalbo', '', '');
INSERT INTO Entidad_Colaboradora (ID_Entidad_Colaboradora, Nombre, Domicilio, Telefono) VALUES (211, 'JARIFA ASOC ALIMENTOS', 'Calle Atrás, 2
29500 Álora, Málaga', '');
INSERT INTO Entidad_Colaboradora (ID_Entidad_Colaboradora, Nombre, Domicilio, Telefono) VALUES (212, 'JOMAD ASOC AYUDA A JOVENES Y MENORES MARGINADOS POR LAS DROGAS', 'C/ Altozano 1-3, 29013 - Málaga', '');
INSERT INTO Entidad_Colaboradora (ID_Entidad_Colaboradora, Nombre, Domicilio, Telefono) VALUES (213, 'La Iglesia de Jesucristo de Los Santos de Los Últimos Días', 'Avda. Simon Bolivar esquina c, Av. de Luis Buñuel, 15, 29011 Málaga', '');
INSERT INTO Entidad_Colaboradora (ID_Entidad_Colaboradora, Nombre, Domicilio, Telefono) VALUES (214, 'LA UNIÓN DE CIUDAD JARDÍN', 'Avda. Las Postas, s/n - Antiguo Colegio Salvador Rueda
29014 - MÁLAGA', '');
INSERT INTO Entidad_Colaboradora (ID_Entidad_Colaboradora, Nombre, Domicilio, Telefono) VALUES (215, 'Los Mormones', '', '');
INSERT INTO Entidad_Colaboradora (ID_Entidad_Colaboradora, Nombre, Domicilio, Telefono) VALUES (216, 'Madre Las Chapas', '', '');
INSERT INTO Entidad_Colaboradora (ID_Entidad_Colaboradora, Nombre, Domicilio, Telefono) VALUES (217, 'Magyk Concept', '', '');
INSERT INTO Entidad_Colaboradora (ID_Entidad_Colaboradora, Nombre, Domicilio, Telefono) VALUES (218, 'MAYDAN MALAGA ASOC', 'C/Rafaela 18-2
29009 Málaga', '');
INSERT INTO Entidad_Colaboradora (ID_Entidad_Colaboradora, Nombre, Domicilio, Telefono) VALUES (219, 'MENSAJEROS DE LA PAZ ANDALUCIA', 'C. de Prosper Mérimée,17.Bloque 7,2b', '');
INSERT INTO Entidad_Colaboradora (ID_Entidad_Colaboradora, Nombre, Domicilio, Telefono) VALUES (220, 'Mujeres 3º Milenio Asociación', '', '');
INSERT INTO Entidad_Colaboradora (ID_Entidad_Colaboradora, Nombre, Domicilio, Telefono) VALUES (221, 'Mujeres Benalmádena Asociación', 'C. Cauce, 3, 29631 Arroyo de La Miel, Málaga', '');
INSERT INTO Entidad_Colaboradora (ID_Entidad_Colaboradora, Nombre, Domicilio, Telefono) VALUES (222, 'MUJERES DE LA LAGUNA', 'JUANA CASTRO 2
29010 - Málaga', '');
INSERT INTO Entidad_Colaboradora (ID_Entidad_Colaboradora, Nombre, Domicilio, Telefono) VALUES (223, 'Mujeres San Roque Torrox', '', '');
INSERT INTO Entidad_Colaboradora (ID_Entidad_Colaboradora, Nombre, Domicilio, Telefono) VALUES (224, 'NOVAYA VOLNA', 'C/Antonio Jiménez Ruiz, 54
29009 Malaga', '');
INSERT INTO Entidad_Colaboradora (ID_Entidad_Colaboradora, Nombre, Domicilio, Telefono) VALUES (225, 'Nuevas Generaciones Marbella', '', '');
INSERT INTO Entidad_Colaboradora (ID_Entidad_Colaboradora, Nombre, Domicilio, Telefono) VALUES (226, 'Padres Las Chapas', '', '');
INSERT INTO Entidad_Colaboradora (ID_Entidad_Colaboradora, Nombre, Domicilio, Telefono) VALUES (227, 'Palabra de Vida Eterna', '', '');
INSERT INTO Entidad_Colaboradora (ID_Entidad_Colaboradora, Nombre, Domicilio, Telefono) VALUES (228, 'Partido Somos Benalmádena', '', '');
INSERT INTO Entidad_Colaboradora (ID_Entidad_Colaboradora, Nombre, Domicilio, Telefono) VALUES (229, 'Pastoral de la Salud Torre del Mar', '', '');
INSERT INTO Entidad_Colaboradora (ID_Entidad_Colaboradora, Nombre, Domicilio, Telefono) VALUES (230, 'PATRONATO HOGAR NUESTRA SEÑORA DE LOS ÁNGELES', 'C/ Arroyo de los Angeles,  S/N
APTDO CORREOS 63
29011 - Málaga', '');
INSERT INTO Entidad_Colaboradora (ID_Entidad_Colaboradora, Nombre, Domicilio, Telefono) VALUES (231, 'PENTECOSTAL IGLESIA APOSTOLICA ANTEQUERA', 'Arrayán, 6
29200 - Antequera, Málaga', '');
INSERT INTO Entidad_Colaboradora (ID_Entidad_Colaboradora, Nombre, Domicilio, Telefono) VALUES (232, 'PEPE BRAVO CASA DE ACOGIDA', 'C/ Sanchez Rivas Nº 36
29567 Alozaina, Málaga', '');
INSERT INTO Entidad_Colaboradora (ID_Entidad_Colaboradora, Nombre, Domicilio, Telefono) VALUES (233, 'PP-Benalmádena', '', '');
INSERT INTO Entidad_Colaboradora (ID_Entidad_Colaboradora, Nombre, Domicilio, Telefono) VALUES (234, 'PP-Nerja', '', '');
INSERT INTO Entidad_Colaboradora (ID_Entidad_Colaboradora, Nombre, Domicilio, Telefono) VALUES (235, 'PP-Rincón de la Victoria', '', '');
INSERT INTO Entidad_Colaboradora (ID_Entidad_Colaboradora, Nombre, Domicilio, Telefono) VALUES (236, 'PP-Velez Málaga', '', '');
INSERT INTO Entidad_Colaboradora (ID_Entidad_Colaboradora, Nombre, Domicilio, Telefono) VALUES (237, 'Protección Civil Andres Alba', '', '');
INSERT INTO Entidad_Colaboradora (ID_Entidad_Colaboradora, Nombre, Domicilio, Telefono) VALUES (238, 'Psoe Benalmádena', '', '');
INSERT INTO Entidad_Colaboradora (ID_Entidad_Colaboradora, Nombre, Domicilio, Telefono) VALUES (239, 'RELIGIOSAS DE MARÍA INMACULADA (SERVICIO DOMESTICO)', 'Victoria, 70-72
29012 Málaga', '');
INSERT INTO Entidad_Colaboradora (ID_Entidad_Colaboradora, Nombre, Domicilio, Telefono) VALUES (240, 'RELIGIOSAS FILIPENSES HIJAS DE MARIA DOLOROSA - HOGAR SAN CARLOS', 'Llano de la Trinidad
29007 - Málaga', '');
INSERT INTO Entidad_Colaboradora (ID_Entidad_Colaboradora, Nombre, Domicilio, Telefono) VALUES (241, 'RESIDENCIA DE ANCIANOS HERMANITAS DE LOS POBRES', 'C/ HEROE DE SOSTOA  Nº 1
29002 - Málaga', '');
INSERT INTO Entidad_Colaboradora (ID_Entidad_Colaboradora, Nombre, Domicilio, Telefono) VALUES (242, 'RESIDENCIA DE MAYORES SAN JOSÉ DE LA MONTAÑA', 'Calle Madre Petra, 6
29240 Valle de Abdalajís, Málaga', '');
INSERT INTO Entidad_Colaboradora (ID_Entidad_Colaboradora, Nombre, Domicilio, Telefono) VALUES (243, 'Residencia Estates', '', '');
INSERT INTO Entidad_Colaboradora (ID_Entidad_Colaboradora, Nombre, Domicilio, Telefono) VALUES (244, 'RESIDENCIA MONSALVE HERMANAS CARMELITAS DEL SAGRADO CORAZON DE JESUS.', 'C/Mercedes Formica 89
29140 - Málaga', '');
INSERT INTO Entidad_Colaboradora (ID_Entidad_Colaboradora, Nombre, Domicilio, Telefono) VALUES (245, 'RESIDENCIA SAN JUAN DE DIOS ANTEQUERA', 'Ctra Granada S/N
29200 - Antequera, Málaga', '');
INSERT INTO Entidad_Colaboradora (ID_Entidad_Colaboradora, Nombre, Domicilio, Telefono) VALUES (246, 'Rotary', '', '');
INSERT INTO Entidad_Colaboradora (ID_Entidad_Colaboradora, Nombre, Domicilio, Telefono) VALUES (247, 'SAVE THE CHILDREN', 'Avenida. Nuestra Señora de las Guias, 1', '');
INSERT INTO Entidad_Colaboradora (ID_Entidad_Colaboradora, Nombre, Domicilio, Telefono) VALUES (248, 'SENDA PROYECTO HOMBRE - RONDA', 'Pasaje Juan de la Cruz, LOCAL 1
29400 - Ronda, Málaga', '');
INSERT INTO Entidad_Colaboradora (ID_Entidad_Colaboradora, Nombre, Domicilio, Telefono) VALUES (249, 'The Workshop', '', '');
INSERT INTO Entidad_Colaboradora (ID_Entidad_Colaboradora, Nombre, Domicilio, Telefono) VALUES (250, 'THEMIS ASOC DE INMIGRANTES MUJERES Y NIÑOS', 'CL Tejares, 48
29011 - MALAGA', '');
INSERT INTO Entidad_Colaboradora (ID_Entidad_Colaboradora, Nombre, Domicilio, Telefono) VALUES (251, 'U.M.A.', '', '');
INSERT INTO Entidad_Colaboradora (ID_Entidad_Colaboradora, Nombre, Domicilio, Telefono) VALUES (252, 'VIRGEN DE LAS FLORES ALORA RESIDENCIA', 'Av. Pablo Ruiz Picasso, 20 29500 Álora', '');
INSERT INTO Entidad_Colaboradora (ID_Entidad_Colaboradora, Nombre, Domicilio, Telefono) VALUES (253, 'Voluntario 1', '', '');
INSERT INTO Entidad_Colaboradora (ID_Entidad_Colaboradora, Nombre, Domicilio, Telefono) VALUES (254, 'Voluntario 2', '', '');
INSERT INTO Entidad_Colaboradora (ID_Entidad_Colaboradora, Nombre, Domicilio, Telefono) VALUES (255, 'Voluntario 3', '', '');
INSERT INTO Entidad_Colaboradora (ID_Entidad_Colaboradora, Nombre, Domicilio, Telefono) VALUES (256, 'Voluntario 4', '', '');
INSERT INTO Entidad_Colaboradora (ID_Entidad_Colaboradora, Nombre, Domicilio, Telefono) VALUES (257, 'Voluntario 5', '', '');
INSERT INTO Entidad_Colaboradora (ID_Entidad_Colaboradora, Nombre, Domicilio, Telefono) VALUES (258, 'Voluntario 6', '', '');
INSERT INTO Entidad_Colaboradora (ID_Entidad_Colaboradora, Nombre, Domicilio, Telefono) VALUES (259, 'Voluntario 7', '', '');
INSERT INTO Entidad_Colaboradora (ID_Entidad_Colaboradora, Nombre, Domicilio, Telefono) VALUES (260, 'Voluntario 8', '', '');
INSERT INTO Entidad_Colaboradora (ID_Entidad_Colaboradora, Nombre, Domicilio, Telefono) VALUES (261, 'Voluntario 9', '', '');
INSERT INTO Entidad_Colaboradora (ID_Entidad_Colaboradora, Nombre, Domicilio, Telefono) VALUES (262, 'Voluntario 10', '', '');
INSERT INTO Entidad_Colaboradora (ID_Entidad_Colaboradora, Nombre, Domicilio, Telefono) VALUES (263, 'Voluntario 11', '', '');
INSERT INTO Entidad_Colaboradora (ID_Entidad_Colaboradora, Nombre, Domicilio, Telefono) VALUES (264, 'Voluntario 12', '', '');
INSERT INTO Entidad_Colaboradora (ID_Entidad_Colaboradora, Nombre, Domicilio, Telefono) VALUES (265, 'Voluntario 13', '', '');
INSERT INTO Entidad_Colaboradora (ID_Entidad_Colaboradora, Nombre, Domicilio, Telefono) VALUES (266, 'Voluntario 14', '', '');
INSERT INTO Entidad_Colaboradora (ID_Entidad_Colaboradora, Nombre, Domicilio, Telefono) VALUES (267, 'Voluntario 15', '', '');
INSERT INTO Entidad_Colaboradora (ID_Entidad_Colaboradora, Nombre, Domicilio, Telefono) VALUES (268, 'Voluntario 16', '', '');
INSERT INTO Entidad_Colaboradora (ID_Entidad_Colaboradora, Nombre, Domicilio, Telefono) VALUES (269, 'Voluntario 17', '', '');
INSERT INTO Entidad_Colaboradora (ID_Entidad_Colaboradora, Nombre, Domicilio, Telefono) VALUES (270, 'Voluntario 18', '', '');
INSERT INTO Entidad_Colaboradora (ID_Entidad_Colaboradora, Nombre, Domicilio, Telefono) VALUES (271, 'Voluntario 19', '', '');
INSERT INTO Entidad_Colaboradora (ID_Entidad_Colaboradora, Nombre, Domicilio, Telefono) VALUES (272, 'Voluntario 20', '', '');
INSERT INTO Entidad_Colaboradora (ID_Entidad_Colaboradora, Nombre, Domicilio, Telefono) VALUES (273, 'Voluntario 21', '', '');
INSERT INTO Entidad_Colaboradora (ID_Entidad_Colaboradora, Nombre, Domicilio, Telefono) VALUES (274, 'Voluntario 22', '', '');
INSERT INTO Entidad_Colaboradora (ID_Entidad_Colaboradora, Nombre, Domicilio, Telefono) VALUES (275, 'Voluntario 23', '', '');
INSERT INTO Entidad_Colaboradora (ID_Entidad_Colaboradora, Nombre, Domicilio, Telefono) VALUES (276, 'Voluntario 24', '', '');
INSERT INTO Entidad_Colaboradora (ID_Entidad_Colaboradora, Nombre, Domicilio, Telefono) VALUES (277, 'Voluntario 25', '', '');
INSERT INTO Entidad_Colaboradora (ID_Entidad_Colaboradora, Nombre, Domicilio, Telefono) VALUES (278, 'Voluntario 26', '', '');
INSERT INTO Entidad_Colaboradora (ID_Entidad_Colaboradora, Nombre, Domicilio, Telefono) VALUES (279, 'Voluntario 27', '', '');
INSERT INTO Entidad_Colaboradora (ID_Entidad_Colaboradora, Nombre, Domicilio, Telefono) VALUES (280, 'Voluntario 28', '', '');
INSERT INTO Entidad_Colaboradora (ID_Entidad_Colaboradora, Nombre, Domicilio, Telefono) VALUES (281, 'Voluntario 29', '', '');
INSERT INTO Entidad_Colaboradora (ID_Entidad_Colaboradora, Nombre, Domicilio, Telefono) VALUES (282, 'Voluntario 30', '', '');
INSERT INTO Entidad_Colaboradora (ID_Entidad_Colaboradora, Nombre, Domicilio, Telefono) VALUES (283, 'Voluntario 31', '', '');
INSERT INTO Entidad_Colaboradora (ID_Entidad_Colaboradora, Nombre, Domicilio, Telefono) VALUES (284, 'Voluntario 32', '', '');
INSERT INTO Entidad_Colaboradora (ID_Entidad_Colaboradora, Nombre, Domicilio, Telefono) VALUES (285, 'Voluntario 33', '', '');
INSERT INTO Entidad_Colaboradora (ID_Entidad_Colaboradora, Nombre, Domicilio, Telefono) VALUES (286, 'Voluntario 34', '', '');
INSERT INTO Entidad_Colaboradora (ID_Entidad_Colaboradora, Nombre, Domicilio, Telefono) VALUES (287, 'Voluntario 35', '', '');
INSERT INTO Entidad_Colaboradora (ID_Entidad_Colaboradora, Nombre, Domicilio, Telefono) VALUES (288, 'Voluntario 36', 'c/ Goleta (Urb El Cañuelo)', '');
INSERT INTO Entidad_Colaboradora (ID_Entidad_Colaboradora, Nombre, Domicilio, Telefono) VALUES (289, 'Voluntario 37', '', '');
INSERT INTO Entidad_Colaboradora (ID_Entidad_Colaboradora, Nombre, Domicilio, Telefono) VALUES (290, 'Voluntario 38', '', '');
INSERT INTO Entidad_Colaboradora (ID_Entidad_Colaboradora, Nombre, Domicilio, Telefono) VALUES (291, 'Voluntario 39', '', '');
INSERT INTO Entidad_Colaboradora (ID_Entidad_Colaboradora, Nombre, Domicilio, Telefono) VALUES (292, 'Voluntario 40', '', '');
INSERT INTO Entidad_Colaboradora (ID_Entidad_Colaboradora, Nombre, Domicilio, Telefono) VALUES (293, 'Voluntario 41', 'Calle Hemanos Lavao 3, 4B', '');
INSERT INTO Entidad_Colaboradora (ID_Entidad_Colaboradora, Nombre, Domicilio, Telefono) VALUES (294, 'Voluntario 42', '', '');
INSERT INTO Entidad_Colaboradora (ID_Entidad_Colaboradora, Nombre, Domicilio, Telefono) VALUES (295, 'Voluntario 43', '', '');
INSERT INTO Entidad_Colaboradora (ID_Entidad_Colaboradora, Nombre, Domicilio, Telefono) VALUES (296, 'Voluntario 44', '', '');
INSERT INTO Entidad_Colaboradora (ID_Entidad_Colaboradora, Nombre, Domicilio, Telefono) VALUES (297, 'Voluntario 45', '', '');
INSERT INTO Entidad_Colaboradora (ID_Entidad_Colaboradora, Nombre, Domicilio, Telefono) VALUES (298, 'Voluntario 46', '', '');
INSERT INTO Entidad_Colaboradora (ID_Entidad_Colaboradora, Nombre, Domicilio, Telefono) VALUES (299, 'Voluntario 47', '', '');
INSERT INTO Entidad_Colaboradora (ID_Entidad_Colaboradora, Nombre, Domicilio, Telefono) VALUES (300, 'Voluntario 48', '', '');
INSERT INTO Entidad_Colaboradora (ID_Entidad_Colaboradora, Nombre, Domicilio, Telefono) VALUES (301, 'Voluntario 49', '', '');
INSERT INTO Entidad_Colaboradora (ID_Entidad_Colaboradora, Nombre, Domicilio, Telefono) VALUES (302, 'Voluntario 50', '', '');
INSERT INTO Entidad_Colaboradora (ID_Entidad_Colaboradora, Nombre, Domicilio, Telefono) VALUES (303, 'Voluntario 51', '', '');
INSERT INTO Entidad_Colaboradora (ID_Entidad_Colaboradora, Nombre, Domicilio, Telefono) VALUES (304, 'Voluntario 52', '', '');
INSERT INTO Entidad_Colaboradora (ID_Entidad_Colaboradora, Nombre, Domicilio, Telefono) VALUES (305, 'Voluntario 53', '', '');
INSERT INTO Entidad_Colaboradora (ID_Entidad_Colaboradora, Nombre, Domicilio, Telefono) VALUES (306, 'Voluntario 54', '', '');
INSERT INTO Entidad_Colaboradora (ID_Entidad_Colaboradora, Nombre, Domicilio, Telefono) VALUES (307, 'Voluntario 55', '', '');
INSERT INTO Entidad_Colaboradora (ID_Entidad_Colaboradora, Nombre, Domicilio, Telefono) VALUES (308, 'Voluntario 56', '', '');
INSERT INTO Entidad_Colaboradora (ID_Entidad_Colaboradora, Nombre, Domicilio, Telefono) VALUES (309, 'VOX BENALMADENA', '', '');

INSERT INTO Usuario (ID_Usuario, Nombre, Email, Telefono, Contrasena) VALUES (100, 'Cristóbal', 'capitan100@nomail.es', '', 'hash_pendiente');
INSERT INTO Capitanes (ID_Usuario, ID_Campana) VALUES (100, 1);
INSERT INTO Usuario (ID_Usuario, Nombre, Email, Telefono, Contrasena) VALUES (101, 'Ezequiel', 'capitan101@nomail.es', '', 'hash_pendiente');
INSERT INTO Capitanes (ID_Usuario, ID_Campana) VALUES (101, 1);
INSERT INTO Usuario (ID_Usuario, Nombre, Email, Telefono, Contrasena) VALUES (102, 'Nancy', 'capitan102@nomail.es', '', 'hash_pendiente');
INSERT INTO Capitanes (ID_Usuario, ID_Campana) VALUES (102, 1);
INSERT INTO Usuario (ID_Usuario, Nombre, Email, Telefono, Contrasena) VALUES (103, 'Virginia', 'capitan103@nomail.es', '', 'hash_pendiente');
INSERT INTO Capitanes (ID_Usuario, ID_Campana) VALUES (103, 1);
INSERT INTO Usuario (ID_Usuario, Nombre, Email, Telefono, Contrasena) VALUES (104, 'Fran', 'capitan104@nomail.es', '', 'hash_pendiente');
INSERT INTO Capitanes (ID_Usuario, ID_Campana) VALUES (104, 1);
INSERT INTO Usuario (ID_Usuario, Nombre, Email, Telefono, Contrasena) VALUES (105, 'Eli', 'capitan105@nomail.es', '', 'hash_pendiente');
INSERT INTO Capitanes (ID_Usuario, ID_Campana) VALUES (105, 1);
INSERT INTO Usuario (ID_Usuario, Nombre, Email, Telefono, Contrasena) VALUES (106, 'José Luis', 'capitan106@nomail.es', '', 'hash_pendiente');
INSERT INTO Capitanes (ID_Usuario, ID_Campana) VALUES (106, 1);
INSERT INTO Usuario (ID_Usuario, Nombre, Email, Telefono, Contrasena) VALUES (107, 'José M', 'capitan107@nomail.es', '', 'hash_pendiente');
INSERT INTO Capitanes (ID_Usuario, ID_Campana) VALUES (107, 1);
INSERT INTO Usuario (ID_Usuario, Nombre, Email, Telefono, Contrasena) VALUES (108, 'Niguel', 'capitan108@nomail.es', '', 'hash_pendiente');
INSERT INTO Capitanes (ID_Usuario, ID_Campana) VALUES (108, 1);
INSERT INTO Usuario (ID_Usuario, Nombre, Email, Telefono, Contrasena) VALUES (109, 'Pepe Avila', 'capitan109@nomail.es', '', 'hash_pendiente');
INSERT INTO Capitanes (ID_Usuario, ID_Campana) VALUES (109, 1);
INSERT INTO Usuario (ID_Usuario, Nombre, Email, Telefono, Contrasena) VALUES (110, 'Manuel', 'capitan110@nomail.es', '', 'hash_pendiente');
INSERT INTO Capitanes (ID_Usuario, ID_Campana) VALUES (110, 1);
INSERT INTO Usuario (ID_Usuario, Nombre, Email, Telefono, Contrasena) VALUES (111, 'Mari', 'capitan111@nomail.es', '', 'hash_pendiente');
INSERT INTO Capitanes (ID_Usuario, ID_Campana) VALUES (111, 1);
INSERT INTO Usuario (ID_Usuario, Nombre, Email, Telefono, Contrasena) VALUES (112, 'María Victoria', 'capitan112@nomail.es', '', 'hash_pendiente');
INSERT INTO Capitanes (ID_Usuario, ID_Campana) VALUES (112, 1);
INSERT INTO Usuario (ID_Usuario, Nombre, Email, Telefono, Contrasena) VALUES (113, 'Juan Manuel', 'capitan113@nomail.es', '', 'hash_pendiente');
INSERT INTO Capitanes (ID_Usuario, ID_Campana) VALUES (113, 1);
INSERT INTO Usuario (ID_Usuario, Nombre, Email, Telefono, Contrasena) VALUES (114, 'Vicente', 'capitan114@nomail.es', '', 'hash_pendiente');
INSERT INTO Capitanes (ID_Usuario, ID_Campana) VALUES (114, 1);